product	msb	lsb	pc	number	name	category
EXSN01	105	64	1	1	Concert Jazz	
EXSN01	105	64	2	2	Recording Grand	
EXSN01	105	64	3	3	Concert Grand	
EXSN01	105	64	4	4	Bright Concert	
EXSN01	105	64	5	5	Mellow Concert	
EXSN01	105	64	6	6	Concert Grand 2	
EXSN01	105	64	7	7	Bright Concert 2	
EXSN01	105	64	8	8	Mellow Concert 2	
EXSN01	105	64	9	9	Clear Grand	
EXSN01	105	64	10	10	Mono Grand	
EXSN02	105	65	1	1	Tine Mk II Trem	
EXSN02	105	65	2	2	Tine Mk I Trem 1	
EXSN02	105	65	3	3	Tine EP Trem	
EXSN02	105	65	4	4	1975 EP Trem 1	
EXSN02	105	65	5	5	1975 EP Amp OD 1	
EXSN02	105	65	6	6	Mk II Chorus	
EXSN02	105	65	7	7	1975 Chorus	
EXSN02	105	65	8	8	Mk II Phaser	
EXSN02	105	65	9	9	1975 Phaser	
EXSN02	105	65	10	10	Mk I Touch Wah	
EXSN02	105	65	11	11	TineEP Tape Echo	
EXSN02	105	65	12	12	1975 Tape Echo	
EXSN02	105	65	13	13	Mk I Mod Delay	
EXSN02	105	65	14	14	Mk II Comp	
EXSN02	105	65	15	15	1975 Comp	
EXSN02	105	65	16	16	1975 RingMod	
EXSN02	105	65	17	17	Tine Mk I Trem 2	
EXSN02	105	65	18	18	Tine MkI TrmOff	
EXSN02	105	65	19	19	1975 EP Trem 2	
EXSN02	105	65	20	20	Tine EP Mk II RD	
EXSN02	105	65	21	21	Tine EP Mk I RD	
EXSN02	105	65	22	22	Tine E.Piano RD	
EXSN02	105	65	23	23	1975 E.Piano RD	
EXSN02	105	65	24	24	1975 EP Amp OD 2	
EXSN02	105	65	25	25	75 TremoloEP RD	
EXSN02	105	65	26	26	75 Mellow EP RD	
EXSN02	105	65	27	27	Chorus TineEP RD	
EXSN02	105	65	28	28	75 Chorus EP RD	
EXSN02	105	65	29	29	75 Phased EP RD	
EXSN02	105	65	30	30	Phaser TineEP RD	
EXSN02	105	65	31	31	75 SweetEcho RD	
EXSN02	105	65	32	32	75 ModDelayEP RD	
EXSN02	105	65	33	33	75 ModDelay EP	
EXSN02	105	65	34	34	75 Driven EP RD	
EXSN02	105	65	35	35	Mk I Keyoff RD	
EXSN02	105	65	36	36	1975 Keyoff RD	
EXSN03	105	66	1	1	Classic Piano	
EXSN03	105	66	2	2	Classic Light	
EXSN03	105	66	3	3	Classic Heavy	
EXSN03	105	66	4	4	Classic Warm 1	
EXSN03	105	66	5	5	Classic Warm 2	
EXSN03	105	66	6	6	Classic Warm 3	
EXSN03	105	66	7	7	Clsc Brilliant 1	
EXSN03	105	66	8	8	Clsc Brilliant 2	
EXSN03	105	66	9	9	Clsc Brilliant 3	
EXSN03	105	66	10	10	Smooth Classic	
EXSN03	105	66	11	11	Winter Warm	
EXSN03	105	66	12	12	Oslo's Finest	
EXSN03	105	66	13	13	Homegrown	
EXSN03	105	66	14	14	Nordic Breeze	
EXSN03	105	66	15	15	Mazurka 1849	
EXSN03	105	66	16	16	Wondermaze	
EXSN03	105	66	17	17	Stargaze	
EXSN03	105	66	18	18	Rev Expression	
EXSN03	105	66	19	19	Chorus Baroness	
EXSN03	105	66	20	20	Piano Concrete	
EXSN04	105	67	1	1	Artists' Choice	
EXSN04	105	67	2	2	Warm Artist	
EXSN04	105	67	3	3	Bright Artist	
EXSN04	105	67	4	4	Piano Performer	
EXSN04	105	67	5	5	Studio Grand	
EXSN04	105	67	6	6	Lyrical Touch	
EXSN04	105	67	7	7	Grand Ballad	
EXSN04	105	67	8	8	Pop Rocker	
EXSN04	105	67	9	9	Piano Rag	
EXSN04	105	67	10	10	Dark Felt Pno	
EXSN04	105	67	11	11	Warm Felt Pno	
EXSN04	105	67	12	12	Soft Distance	
EXSN04	105	67	13	13	Legato Static	
EXSN04	105	67	14	14	Make Me Phase	
EXSN04	105	67	15	15	Mod Acoustive	
EXZ001	101	64	1	1	Expressive Grand	
EXZ001	101	64	2	2	Expressiv Bright	
EXZ001	101	64	3	3	Expressive Warm	
EXZ001	101	64	4	4	Expressive Mono	
EXZ001	101	64	5	5	Expressive Grd 2	
EXZ001	101	64	6	6	Expressive+EP 1	
EXZ001	101	64	7	7	Expressive+EP 2	
EXZ001	101	64	8	8	QuietPno+StrTrem	
EXZ001	101	64	9	9	Expressive+Str	
EXZ001	101	64	10	10	Expressive+Pad	
EXZ001	101	64	11	11	Expressive+Bell	
EXZ002	101	65	1	1	Ultimate Grand	
EXZ002	101	65	2	2	Ac Pno EQ Cutter	
EXZ002	101	65	3	3	X-Pure Grand	
EXZ002	101	65	4	4	X-Pure Mellow	
EXZ002	101	65	5	5	X-Pure+E.Piano	
EXZ002	101	65	6	6	X-Pure+String	
EXZ002	101	65	7	7	Purification	
EXZ002	101	65	8	8	Pno Wonderland	
EXZ002	101	65	9	9	X-Pure+Pad	
EXZ002	101	65	10	10	Atmosphere Piano	
EXZ002	101	65	11	11	Ac Pno Mod Man	
EXZ002	101	65	12	12	Ac Pno Rev Delay	
EXZ002	101	65	13	13	E.Piano Mk I  1	
EXZ002	101	65	14	14	E.Piano Mk I  2	
EXZ002	101	65	15	15	E.Piano Mk II  1	
EXZ002	101	65	16	16	E.Piano Mk II  2	
EXZ002	101	65	17	17	RD Tremolo EP	
EXZ002	101	65	18	18	Chorus E.Piano 1	
EXZ002	101	65	19	19	Chorus E.Piano 2	
EXZ002	101	65	20	20	Phaser E.Piano 1	
EXZ002	101	65	21	21	Phaser E.Piano 2	
EXZ002	101	65	22	22	Phaser E.Piano 3	
EXZ002	101	65	23	23	RingMod E.Piano	
EXZ002	101	65	24	24	Delay E.Piano 1	
EXZ002	101	65	25	25	Delay E.Piano 2	
EXZ002	101	65	26	26	Delay E.Piano 3	
EXZ003	100	64	1	1	Pop Session Kit1	
EXZ003	100	64	2	2	AltRock Kit 1	
EXZ003	100	64	3	3	AltRock Kit 2	
EXZ003	100	64	4	4	Pop Session Kit2	
EXZ003	100	64	5	5	AltRock Kit 3	
EXZ003	100	64	6	6	AltRock Kit 4	
EXZ003	100	64	7	7	Alt TightBoy Kit	
EXZ003	100	64	8	8	Pop Filter Kit	
EXZ003	100	64	9	9	Pop Phaser Kit	
EXZ003	100	64	10	10	Picc Phase Kit	
EXZ003	100	64	11	11	El Tubbo Kit	
EXZ003	100	64	12	12	Pan Delay Kit	
EXZ003	100	64	13	13	Pitch Shift Kit	
EXZ003	100	64	14	14	Sync Wah Kit	
EXZ003	100	64	15	15	Tight Ring Kit	
EXZ004	100	65	1	1	Power Kit 1	
EXZ004	100	65	2	2	Power Kit 2	
EXZ004	100	65	3	3	Power Kit 3	
EXZ004	100	65	4	4	Power Kit 4	
EXZ004	100	65	5	5	Power Tight Kit1	
EXZ004	100	65	6	6	Power Tight Kit2	
EXZ004	100	65	7	7	Power Tight Kit3	
EXZ004	100	65	8	8	Power Tight Kit4	
EXZ004	100	65	9	9	PowerTightBoyKit	
EXZ004	100	65	10	10	SBF Power Kit	
EXZ004	100	65	11	11	Trash Kit	
EXZ005	93	2	1	1	Y2K Plus One	
EXZ005	93	2	2	2	Pastoral	
EXZ005	93	2	3	3	Majestic	
EXZ005	93	2	4	4	Twin Strings	
EXZ005	93	2	5	5	Taxi EP	
EXZ005	93	2	6	6	Peru Heights	
EXZ005	93	2	7	7	String Cloud	
EXZ005	93	2	8	8	Mysteria	
EXZ005	93	2	9	9	Mutes To Go	
EXZ005	93	2	10	10	HeavyMute/sw	
EXZ005	93	2	11	11	Wheel D-bar	
EXZ005	93	2	12	12	Kid's Glory	
EXZ005	93	2	13	13	GuitarInMist	
EXZ005	93	2	14	14	Overdrones	
EXZ005	93	2	15	15	RockAcoustic	
EXZ005	93	2	16	16	Piano Duel	
EXZ005	93	2	17	17	Chorus LA	
EXZ005	93	2	18	18	70's Blend	
EXZ005	93	2	19	19	OctopusPiano	
EXZ005	93	2	20	20	Rehoisal	
EXZ005	93	2	21	21	US EP	
EXZ005	93	2	22	22	Studio EP	
EXZ005	93	2	23	23	All EP	
EXZ005	93	2	24	24	Sens. EP	
EXZ005	93	2	25	25	Harmonic Seq	
EXZ005	93	2	26	26	Still drumin	
EXZ005	93	2	27	27	B3 Mod/Aft	
EXZ005	93	2	28	28	B3 Perc	
EXZ005	93	2	29	29	DynOrgan	
EXZ005	93	2	30	30	Voxx Organ	
EXZ005	93	2	31	31	South Border	
EXZ005	93	2	32	32	Bright Nyle	
EXZ005	93	2	33	33	Rolin'Fingrs	
EXZ005	93	2	34	34	Nylon Vel	
EXZ005	93	2	35	35	Flamenco&Gtr	
EXZ005	93	2	36	36	Studio 12Str	
EXZ005	93	2	37	37	All AGuitars	
EXZ005	93	2	38	38	RichElec12st	
EXZ005	93	2	39	39	Electro-Ac.	
EXZ005	93	2	40	40	Jazzy /Slide	
EXZ005	93	2	41	41	Clean Comp	
EXZ005	93	2	42	42	Jazz Clean	
EXZ005	93	2	43	43	Jazz VelOct	
EXZ005	93	2	44	44	SemiAc Amp+Chrs	
EXZ005	93	2	45	45	Switched On	
EXZ005	93	2	46	46	Tremolo Gtr	
EXZ005	93	2	47	47	NoThat Clean	
EXZ005	93	2	48	48	OhWow Guitar	
EXZ005	93	2	49	49	RED 5ths	
EXZ005	93	2	50	50	Touch Solo	
EXZ005	93	2	51	51	Fingr Tap'n	
EXZ005	93	2	52	52	Blues Grunge	
EXZ005	93	2	53	53	6-Str Bass	
EXZ005	93	2	54	54	Thumb&PullBs	
EXZ005	93	2	55	55	42nd Bass	
EXZ005	93	2	56	56	Mr. Jazz	
EXZ005	93	2	57	57	Picked JBass	
EXZ005	93	2	58	58	Upright Pizz	
EXZ005	93	2	59	59	Gt/BsNz MENU	
EXZ005	93	2	60	60	Lo Pizz Sect	
EXZ005	93	2	61	61	Octo Orch	
EXZ005	93	2	62	62	WindsFX MENU	
EXZ005	93	2	63	63	FluteVibrato	
EXZ005	93	2	64	64	Legato Flt 3	
EXZ005	93	2	65	65	Alto Flute	
EXZ005	93	2	66	66	Atk Flute	
EXZ005	93	2	67	67	SpaceFlute 2	
EXZ005	93	2	68	68	The Pan Pipe	
EXZ005	93	2	69	69	Breathy Pan	
EXZ005	93	2	70	70	Moceno	
EXZ005	93	2	71	71	Puffers	
EXZ005	93	2	72	72	Amazone	
EXZ005	93	2	73	73	Aztek ketzA	
EXZ005	93	2	74	74	Afro Flute	
EXZ005	93	2	75	75	SingingFlute	
EXZ005	93	2	76	76	GTR/Flt Scat	
EXZ005	93	2	77	77	Vox/Flt Scat	
EXZ005	93	2	78	78	Tape Flute	
EXZ005	93	2	79	79	Solo Trumpet	
EXZ005	93	2	80	80	Penny Tpt	
EXZ005	93	2	81	81	Mello TrBone	
EXZ005	93	2	82	82	DynamicBones	
EXZ005	93	2	83	83	Trumps&Bones	
EXZ005	93	2	84	84	Bigger Brass	
EXZ005	93	2	85	85	Brass Cooker	
EXZ005	93	2	86	86	Mod Sfz	
EXZ005	93	2	87	87	After Hours	
EXZ005	93	2	88	88	Mic'd Mute	
EXZ005	93	2	89	89	WarmBrsPad	
EXZ005	93	2	90	90	VCOs and As	
EXZ005	93	2	91	91	MG Brass	
EXZ005	93	2	92	92	Alto Sax Vel	
EXZ005	93	2	93	93	Honky Tenor	
EXZ005	93	2	94	94	Barely Bari	
EXZ005	93	2	95	95	Sax Sect mp	
EXZ005	93	2	96	96	Saxx-shun	
EXZ005	93	2	97	97	Psycho Sax	
EXZ005	93	2	98	98	HardSlidLead	
EXZ005	93	2	99	99	MonoLeads x2	
EXZ005	93	2	100	100	Tiny Love	
EXZ005	93	2	101	101	Soft Jup' LD	
EXZ005	93	2	102	102	MultiTap OB	
EXZ005	93	2	103	103	Night Blade	
EXZ005	93	2	104	104	Velo OB Str	
EXZ005	93	2	105	105	Meadow	
EXZ005	93	2	106	106	OB 5th Strng	
EXZ005	93	2	107	107	GhettoStrngz	
EXZ005	93	2	108	108	Octa Poly	
EXZ005	93	2	109	109	Pipewind	
EXZ005	93	2	110	110	Big & Gentle	
EXZ005	93	2	111	111	Ethernal	
EXZ005	93	2	112	112	3D MovingPad	
EXZ005	93	2	113	113	VintgStackSt	
EXZ005	93	2	114	114	St.ChldChoir	
EXZ005	93	2	115	115	HybrdChoirVS	
EXZ005	93	2	116	116	Swirly Mist	
EXZ005	93	2	117	117	St M+F Choir	
EXZ005	93	2	118	118	Cool Choir	
EXZ005	93	2	119	119	Mutatovox	
EXZ005	93	2	120	120	Dance Doos	
EXZ005	93	2	121	121	Dance OB	
EXZ005	93	2	122	122	Sliced Bread	
EXZ005	93	2	123	123	On&On&On	
EXZ005	93	2	124	124	Temptation	
EXZ005	93	2	125	125	Old Cartoon	
EXZ005	93	2	126	126	Swingtime	
EXZ005	93	2	127	127	Solar Winds	
EXZ005	93	2	128	128	Western	
EXZ006	93	19	1	1	World Sounds	
EXZ006	93	19	2	2	Go2China /C2	
EXZ006	93	19	3	3	Go2India /C2	
EXZ006	93	19	4	4	The Great W	
EXZ006	93	19	5	5	Yuehchin+	
EXZ006	93	19	6	6	Sweet Nylon	
EXZ006	93	19	7	7	TL R&F	
EXZ006	93	19	8	8	Tubby Baby	
EXZ006	93	19	9	9	HeavenGender	
EXZ006	93	19	10	10	Gamelan Ems	
EXZ006	93	19	11	11	Childwood	
EXZ006	93	19	12	12	La Musette	
EXZ006	93	19	13	13	Essence	
EXZ006	93	19	14	14	Zampona /	
EXZ006	93	19	15	15	GipsyTrumpt/	
EXZ006	93	19	16	16	Fun WithPerc	
EXZ006	93	19	17	17	Feets	
EXZ006	93	19	18	18	World Radio	
EXZ006	93	19	19	19	ClanAdvances	
EXZ006	93	19	20	20	Eastern Tour	
EXZ006	93	19	21	21	Enough!STOP!	
EXZ006	93	19	22	22	Banjo Phrs	
EXZ006	93	19	23	23	Guitar Phrs1	
EXZ006	93	19	24	24	Guitar Phrs2	
EXZ006	93	19	25	25	PdlStl Phrs	
EXZ006	93	19	26	26	Asia  UFO	
EXZ006	93	19	27	27	UBeenSoBaa	
EXZ006	93	19	28	28	Didgeri /	
EXZ006	93	19	29	29	WorldGroove	
EXZ006	93	19	30	30	LoopPhrase 1	
EXZ006	93	19	31	31	LoopPhrase 2	
EXZ006	93	19	32	32	TABLA groove	
EXZ006	93	19	33	33	JasonGoEast	
EXZ006	93	19	34	34	Split Floot	
EXZ006	93	19	35	35	Hot Salsa	
EXZ006	93	19	36	36	TempBassSolo	
EXZ006	93	19	37	37	CherryFlower	
EXZ006	93	19	38	38	SplitThisSRX	
EXZ006	93	19	39	39	Crane Dance	
EXZ006	93	19	40	40	LostInMists	
EXZ006	93	19	41	41	Qu DiEnsembl	
EXZ006	93	19	42	42	NasalBlossom	
EXZ006	93	19	43	43	Meditation 1	
EXZ006	93	19	44	44	Art Of Feng	
EXZ006	93	19	45	45	Orient xPres	
EXZ006	93	19	46	46	Padded Sitar	
EXZ006	93	19	47	47	No Worries	
EXZ006	93	19	48	48	IntarMel SRX	
EXZ006	93	19	49	49	Ode 2 An Oud	
EXZ006	93	19	50	50	Fugi-man	
EXZ006	93	19	51	51	China pluck	
EXZ006	93	19	52	52	Yuehchin SRX	
EXZ006	93	19	53	53	Kayakeum	
EXZ006	93	19	54	54	Asian Pizz	
EXZ006	93	19	55	55	PiPa SRX	
EXZ006	93	19	56	56	Koto SRX	
EXZ006	93	19	57	57	Shamisen SRX	
EXZ006	93	19	58	58	Sanshin SRX	
EXZ006	93	19	59	59	Yang Qin trm	
EXZ006	93	19	60	60	Yang Qin/Mod	
EXZ006	93	19	61	61	SultanPalace	
EXZ006	93	19	62	62	Marco Polo	
EXZ006	93	19	63	63	Bandolim SRX	
EXZ006	93	19	64	64	K.Bandolim	
EXZ006	93	19	65	65	Afro Harp	
EXZ006	93	19	66	66	Ethnhit!	
EXZ006	93	19	67	67	OctaHarp+	
EXZ006	93	19	68	68	St.GuZhngSRX	
EXZ006	93	19	69	69	Zheng Zither	
EXZ006	93	19	70	70	Distance	
EXZ006	93	19	71	71	Mandolin/Mod	
EXZ006	93	19	72	72	Mandolin	
EXZ006	93	19	73	73	Mando Club	
EXZ006	93	19	74	74	MdlnTrmStSRX	
EXZ006	93	19	75	75	Drone Sitar	
EXZ006	93	19	76	76	Conch&Sitar	
EXZ006	93	19	77	77	Punjab Rocks	
EXZ006	93	19	78	78	Pas2IndiaSRX	
EXZ006	93	19	79	79	Rain Drone	
EXZ006	93	19	80	80	SitarGlisSRX	
EXZ006	93	19	81	81	Tambura SRX	
EXZ006	93	19	82	82	TambDroneSRX	
EXZ006	93	19	83	83	St.SanturSRX	
EXZ006	93	19	84	84	SanturTrmSRX	
EXZ006	93	19	85	85	Santur /Mod	
EXZ006	93	19	86	86	Canton	
EXZ006	93	19	87	87	HamrDulcimer	
EXZ006	93	19	88	88	3D Dulcimer	
EXZ006	93	19	89	89	Zither	
EXZ006	93	19	90	90	Magic Pluck	
EXZ006	93	19	91	91	Biwa SRX	
EXZ006	93	19	92	92	Biwa Menu	
EXZ006	93	19	93	93	BerimbauMenu	
EXZ006	93	19	94	94	Berimbau	
EXZ006	93	19	95	95	JawHarp Menu	
EXZ006	93	19	96	96	Steel Rhythm	
EXZ006	93	19	97	97	SoloSteelGtr	
EXZ006	93	19	98	98	N'Ville Soft	
EXZ006	93	19	99	99	Spruce Top	
EXZ006	93	19	100	100	Procssd AGtr	
EXZ006	93	19	101	101	High Strung	
EXZ006	93	19	102	102	Compresd D18	
EXZ006	93	19	103	103	12 String	
EXZ006	93	19	104	104	Mixed 12Str1	
EXZ006	93	19	105	105	Mixed 12Str2	
EXZ006	93	19	106	106	Ac Gtr 12stg	
EXZ006	93	19	107	107	No Borders	
EXZ006	93	19	108	108	Loose 12Str	
EXZ006	93	19	109	109	Living R.Gtr	
EXZ006	93	19	110	110	Dobro Modro	
EXZ006	93	19	111	111	ResonatorGtr	
EXZ006	93	19	112	112	Ac.Gtrs SRX	
EXZ006	93	19	113	113	2 Players	
EXZ006	93	19	114	114	Solo RequGtr	
EXZ006	93	19	115	115	Loose Nylon	
EXZ006	93	19	116	116	AcousticBros	
EXZ006	93	19	117	117	So Sad Nylon	
EXZ006	93	19	118	118	Chinese Duo	
EXZ006	93	19	119	119	ChugRunTrSRX	
EXZ006	93	19	120	120	Chung Ruan	
EXZ006	93	19	121	121	ChungRuanSRX	
EXZ006	93	19	122	122	Bottom Ruan	
EXZ006	93	19	123	123	RuangGtr SRX	
EXZ006	93	19	124	124	Oud SRX	
EXZ006	93	19	125	125	BlugrsSldSRX	
EXZ006	93	19	126	126	Guitaro SRX	
EXZ006	93	19	127	127	Natural TL	
EXZ006	93	19	128	128	Psyche TL	
EXZ006	93	20	1	1	Coral	
EXZ006	93	20	2	2	Chorus Twang	
EXZ006	93	20	3	3	Pick Licker	
EXZ006	93	20	4	4	Clean ST SRX	
EXZ006	93	20	5	5	Velo SemiAc SRX	
EXZ006	93	20	6	6	Right Funky	
EXZ006	93	20	7	7	Comp Muted	
EXZ006	93	20	8	8	E.GtrMt SRX	
EXZ006	93	20	9	9	SemiAc VelMt SRX	
EXZ006	93	20	10	10	Wide Guitar	
EXZ006	93	20	11	11	Dob-Compress	
EXZ006	93	20	12	12	Nice Twelvey	
EXZ006	93	20	13	13	RotaryCrunch	
EXZ006	93	20	14	14	FastRotrySRX	
EXZ006	93	20	15	15	EGDynaPikSRX	
EXZ006	93	20	16	16	BackingEGSRX	
EXZ006	93	20	17	17	Room Slide	
EXZ006	93	20	18	18	Pedal Steel	
EXZ006	93	20	19	19	Phased P.Stl	
EXZ006	93	20	20	20	PureSteelSRX	
EXZ006	93	20	21	21	MutedAmbient	
EXZ006	93	20	22	22	GtrFX Menu	
EXZ006	93	20	23	23	LP Gtr SRX	
EXZ006	93	20	24	24	TL-Funfken	
EXZ006	93	20	25	25	SemiAc & Cabinet	
EXZ006	93	20	26	26	TL Licker	
EXZ006	93	20	27	27	Short & Long	
EXZ006	93	20	28	28	NewBeginning	
EXZ006	93	20	29	29	Bouzouki	
EXZ006	93	20	30	30	Bousoukhit!	
EXZ006	93	20	31	31	3ChdStrumSRX	
EXZ006	93	20	32	32	Strum Poetic	
EXZ006	93	20	33	33	Strum Away	
EXZ006	93	20	34	34	Banjo-Mando	
EXZ006	93	20	35	35	5StringBanjo	
EXZ006	93	20	36	36	Banjo SRX 1	
EXZ006	93	20	37	37	Banjo SRX 2	
EXZ006	93	20	38	38	Banjo SRX 3	
EXZ006	93	20	39	39	Fiddle	
EXZ006	93	20	40	40	Fiddle 2002	
EXZ006	93	20	41	41	FiddleSwitch	
EXZ006	93	20	42	42	Fiddle Sect.	
EXZ006	93	20	43	43	FiddleStacto	
EXZ006	93	20	44	44	AsianOrcPizz	
EXZ006	93	20	45	45	AJapaneseInn	
EXZ006	93	20	46	46	Deep Blue	
EXZ006	93	20	47	47	Ethnic Ens	
EXZ006	93	20	48	48	ChinesOrcSRX	
EXZ006	93	20	49	49	ErHu / SRX	
EXZ006	93	20	50	50	ErHuSolo SRX	
EXZ006	93	20	51	51	ErHu Ld SRX	
EXZ006	93	20	52	52	FiddleFXmenu	
EXZ006	93	20	53	53	ViolnSoloSRX	
EXZ006	93	20	54	54	Comp BabyBss	
EXZ006	93	20	55	55	Baby Bass	
EXZ006	93	20	56	56	Comp Fingerd	
EXZ006	93	20	57	57	Jazz Fing.BS	
EXZ006	93	20	58	58	Live Bass	
EXZ006	93	20	59	59	Flango Bass	
EXZ006	93	20	60	60	Bass Oddesy	
EXZ006	93	20	61	61	6Str Bs SRX1	
EXZ006	93	20	62	62	Muted Bass	
EXZ006	93	20	63	63	6Str/Mt SRX	
EXZ006	93	20	64	64	PickBsHd SRX	
EXZ006	93	20	65	65	PickedBs SRX	
EXZ006	93	20	66	66	Tub Bass	
EXZ006	93	20	67	67	GuitarnBsSRX	
EXZ006	93	20	68	68	GtrrnOct SRX	
EXZ006	93	20	69	69	PacificDream	
EXZ006	93	20	70	70	Meditation 2	
EXZ006	93	20	71	71	HybridKemong	
EXZ006	93	20	72	72	Purify	
EXZ006	93	20	73	73	Asia Bells	
EXZ006	93	20	74	74	Rama Cym SRX	
EXZ006	93	20	75	75	Bell Orchest	
EXZ006	93	20	76	76	Sacred Bells	
EXZ006	93	20	77	77	Spokes	
EXZ006	93	20	78	78	Winter Bells	
EXZ006	93	20	79	79	Wind Bells	
EXZ006	93	20	80	80	BelAngk SRX	
EXZ006	93	20	81	81	Tcheekolyna	
EXZ006	93	20	82	82	Wood EPiano	
EXZ006	93	20	83	83	Kalimba	
EXZ006	93	20	84	84	Kalimbatch	
EXZ006	93	20	85	85	VelAfro SRX1	
EXZ006	93	20	86	86	BsKalimbaSRX	
EXZ006	93	20	87	87	LogDetunrSRX	
EXZ006	93	20	88	88	Baateri SRX	
EXZ006	93	20	89	89	Balafon SRX	
EXZ006	93	20	90	90	Asian Wood	
EXZ006	93	20	91	91	Mellow tone	
EXZ006	93	20	92	92	Glas Mlt SRX	
EXZ006	93	20	93	93	SteelDr SRX1	
EXZ006	93	20	94	94	SteelDr SRX2	
EXZ006	93	20	95	95	Gendrous SRX	
EXZ006	93	20	96	96	BonangGamSRX	
EXZ006	93	20	97	97	VelAfro SRX2	
EXZ006	93	20	98	98	TemleMetlSRX	
EXZ006	93	20	99	99	Kemong / SRX	
EXZ006	93	20	100	100	Kane / SRX	
EXZ006	93	20	101	101	JeGong / SRX	
EXZ006	93	20	102	102	Jegogn / SRX	
EXZ006	93	20	103	103	Jublag / SRX	
EXZ006	93	20	104	104	Reyong / SRX	
EXZ006	93	20	105	105	Pemade / SRX	
EXZ006	93	20	106	106	Cajun	
EXZ006	93	20	107	107	D.Accordion	
EXZ006	93	20	108	108	SquezeBoxSRX	
EXZ006	93	20	109	109	Squeeze Box	
EXZ006	93	20	110	110	St.AcdOp SRX	
EXZ006	93	20	111	111	AcdionOp SRX	
EXZ006	93	20	112	112	Acd ffOp SRX	
EXZ006	93	20	113	113	St.AcdCl SRX	
EXZ006	93	20	114	114	Bluesy	
EXZ006	93	20	115	115	HarmonicaSRX	
EXZ006	93	20	116	116	CuntryHrpSRX	
EXZ006	93	20	117	117	Sessn HrpSRX	
EXZ006	93	20	118	118	Esraj&Mizmar	
EXZ006	93	20	119	119	Before Time	
EXZ006	93	20	120	120	Gagaku Ems	
EXZ006	93	20	121	121	Mizmar solo	
EXZ006	93	20	122	122	PiriSolo SRX	
EXZ006	93	20	123	123	Shahnai SRX	
EXZ006	93	20	124	124	HichirikSRX	
EXZ006	93	20	125	125	Bagpipes SRX	
EXZ006	93	20	126	126	Sheng / SRX	
EXZ006	93	20	127	127	Suona / SRX	
EXZ006	93	20	128	128	VillageDance	
EXZ006	93	21	1	1	Indian Ens	
EXZ006	93	21	2	2	Nature Loves	
EXZ006	93	21	3	3	PanPipes SRX	
EXZ006	93	21	4	4	Sad  Pipe	
EXZ006	93	21	5	5	Shell blow	
EXZ006	93	21	6	6	Desert Flute	
EXZ006	93	21	7	7	Zampona	
EXZ006	93	21	8	8	Isolation	
EXZ006	93	21	9	9	Ocarina	
EXZ006	93	21	10	10	New IndFlute	
EXZ006	93	21	11	11	Qu Di Vib	
EXZ006	93	21	12	12	Bang Di Vib	
EXZ006	93	21	13	13	New Kawala	
EXZ006	93	21	14	14	BreathyIndia	
EXZ006	93	21	15	15	New Shaku	
EXZ006	93	21	16	16	Shakuhachi	
EXZ006	93	21	17	17	DreamInColor	
EXZ006	93	21	18	18	TwinHillyLd	
EXZ006	93	21	19	19	Snake Eyes	
EXZ006	93	21	20	20	Latin Trumpt	
EXZ006	93	21	21	21	MariachiTpts	
EXZ006	93	21	22	22	Trumpets	
EXZ006	93	21	23	23	GrowlWah/Mod	
EXZ006	93	21	24	24	Muted-Grw /	
EXZ006	93	21	25	25	SoloTuba SRX	
EXZ006	93	21	26	26	LatinTubaSRX	
EXZ006	93	21	27	27	World Orch	
EXZ006	93	21	28	28	Stab&Hold	
EXZ006	93	21	29	29	Indian Radio	
EXZ006	93	21	30	30	Wide Brass	
EXZ006	93	21	31	31	Trombones	
EXZ006	93	21	32	32	Brass Snapz	
EXZ006	93	21	33	33	Brass sfzzZZ	
EXZ006	93	21	34	34	2Tp+Tbn SRX	
EXZ006	93	21	35	35	MemphisHORNS	
EXZ006	93	21	36	36	SectStactSRX	
EXZ006	93	21	37	37	LatinBrasses	
EXZ006	93	21	38	38	Hit & Fall	
EXZ006	93	21	39	39	BrsChd13 SRX	
EXZ006	93	21	40	40	BrsChdMi9SRX	
EXZ006	93	21	41	41	BrsChdMj9SRX	
EXZ006	93	21	42	42	Blow Pad	
EXZ006	93	21	43	43	Ceremony	
EXZ006	93	21	44	44	Glasses	
EXZ006	93	21	45	45	Ambiccordian	
EXZ006	93	21	46	46	DroneFlanger	
EXZ006	93	21	47	47	ScotlandLass	
EXZ006	93	21	48	48	Dry Fishes	
EXZ006	93	21	49	49	SteroidBrass	
EXZ006	93	21	50	50	Soul revived	
EXZ006	93	21	51	51	Rain Pad	
EXZ006	93	21	52	52	Rising Sun	
EXZ006	93	21	53	53	Ethnopad	
EXZ006	93	21	54	54	Ethno Strngs	
EXZ006	93	21	55	55	& 40 Thieves	
EXZ006	93	21	56	56	TromboSynthy	
EXZ006	93	21	57	57	GrandExaltd1	
EXZ006	93	21	58	58	Sun Dog	
EXZ006	93	21	59	59	TechnoSpirit	
EXZ006	93	21	60	60	Play Softly	
EXZ006	93	21	61	61	WorkerBeetle	
EXZ006	93	21	62	62	Glass Cut	
EXZ006	93	21	63	63	GuruTronics	
EXZ006	93	21	64	64	DubJazz Trip	
EXZ006	93	21	65	65	Meditation 3	
EXZ006	93	21	66	66	Political	
EXZ006	93	21	67	67	G`day Mate	
EXZ006	93	21	68	68	Mission	
EXZ006	93	21	69	69	Jegorgan	
EXZ006	93	21	70	70	Dyno Conga 1	
EXZ006	93	21	71	71	Dyno Conga 2	
EXZ006	93	21	72	72	Congas+Bongo	
EXZ006	93	21	73	73	DynTimbale 1	
EXZ006	93	21	74	74	DynTimbale 2	
EXZ006	93	21	75	75	TimbaleCuica	
EXZ006	93	21	76	76	Dyno Surdo	
EXZ006	93	21	77	77	Rhythm Sect	
EXZ006	93	21	78	78	Rainstick	
EXZ006	93	21	79	79	Clap & Snap	
EXZ006	93	21	80	80	CowbellRandm	
EXZ006	93	21	81	81	Karachi-Man	
EXZ006	93	21	82	82	That Was Zen	
EXZ006	93	21	83	83	StreetParade	
EXZ006	93	21	84	84	BUK	
EXZ006	93	21	85	85	Gongs	
EXZ006	93	21	86	86	Chenchen /	
EXZ006	93	21	87	87	WisdomWithin	
EXZ006	93	21	88	88	Tabla+	
EXZ006	93	21	89	89	DrumsScene	
EXZ006	93	21	90	90	Doholla Fun	
EXZ006	93	21	91	91	AfricanRhtms	
EXZ006	93	21	92	92	Big Logs SRX	
EXZ006	93	21	93	93	WarDrums SRX	
EXZ006	93	21	94	94	Samba Menu	
EXZ006	93	21	95	95	Shaker Menu	
EXZ006	93	21	96	96	Caixa  Menu	
EXZ006	93	21	97	97	Cowbell Menu	
EXZ006	93	21	98	98	JapanPrcMenu	
EXZ006	93	21	99	99	Kabuki Menu	
EXZ006	93	21	100	100	KwangwariSRX	
EXZ006	93	21	101	101	Tuzumi / SRX	
EXZ006	93	21	102	102	KoreaPrcMenu	
EXZ006	93	21	103	103	ChinaPrcMenu	
EXZ006	93	21	104	104	China Menu	
EXZ006	93	21	105	105	ChinaGongSRX	
EXZ006	93	21	106	106	Sanba /  SRX	
EXZ006	93	21	107	107	St.ShouBoSRX	
EXZ006	93	21	108	108	AsiaCym Menu	
EXZ006	93	21	109	109	Gong Menu	
EXZ006	93	21	110	110	Gamelan Menu	
EXZ006	93	21	111	111	GamlnPrcMenu	
EXZ006	93	21	112	112	BigBazar SRX	
EXZ006	93	21	113	113	Udu Pot Menu	
EXZ006	93	21	114	114	TablaBy Menu	
EXZ006	93	21	115	115	Rek Menu	
EXZ006	93	21	116	116	Dholak Menu1	
EXZ006	93	21	117	117	Dholak Menu2	
EXZ006	93	21	118	118	Dhol Menu	
EXZ006	93	21	119	119	Egypt Tablah	
EXZ006	93	21	120	120	Madal Menu	
EXZ006	93	21	121	121	AfropercMenu	
EXZ006	93	21	122	122	CommSatelite	
EXZ006	93	21	123	123	Amazone	
EXZ006	93	21	124	124	Tasman Sea	
EXZ006	93	21	125	125	Ethnic FX 1	
EXZ006	93	21	126	126	Ethnic FX 2	
EXZ006	93	21	127	127	SpacetualBoy	
EXZ006	93	21	128	128	Crystal	
EXZ006	93	22	1	1	SpaceLuvSick	
EXZ006	93	22	2	2	HitAscension	
EXZ006	93	22	3	3	Nervous Man	
EXZ006	93	22	4	4	Silk Stream	
EXZ006	93	22	5	5	DerangedMind	
EXZ006	93	22	6	6	PolyDrone	
EXZ006	93	22	7	7	TequillaWorm	
EXZ006	93	22	8	8	GlistenToYou	
EXZ006	93	22	9	9	Gender 3D	
EXZ006	93	22	10	10	Doom Drum	
EXZ006	93	22	11	11	Stalker	
EXZ006	93	22	12	12	PlasticBones	
EXZ006	93	22	13	13	PakistanVibe	
EXZ006	93	22	14	14	ThusSpokeZtr	
EXZ006	93	22	15	15	Kalissando	
EXZ006	93	22	16	16	Rain Forest	
EXZ006	93	22	17	17	AfropunchSRX	
EXZ006	93	22	18	18	Zaghruta SRX	
EXZ006	93	22	19	19	1,2,3,4! SRX	
EXZ006	93	22	20	20	Voices SRX	
EXZ006	93	22	21	21	Voice Menu 1	
EXZ006	93	22	22	22	Voice Menu 2	
EXZ006	93	22	23	23	Voice Menu 3	
EXZ007	93	7	1	1	WarmVlns SRX	
EXZ007	93	7	2	2	Legato Vlns	
EXZ007	93	7	3	3	NaturalVlnsS	
EXZ007	93	7	4	4	Agitato Vlns	
EXZ007	93	7	5	5	Vlns-Spc /	
EXZ007	93	7	6	6	Vl&Va Spicct	
EXZ007	93	7	7	7	Arco Vas SRX	
EXZ007	93	7	8	8	Agitato Vas	
EXZ007	93	7	9	9	Vlas-Spc /	
EXZ007	93	7	10	10	Marc Vas SRX	
EXZ007	93	7	11	11	Vc Sec mf	
EXZ007	93	7	12	12	Fast Cellos	
EXZ007	93	7	13	13	Vcs Legato	
EXZ007	93	7	14	14	3 Cellos	
EXZ007	93	7	15	15	Cellos	
EXZ007	93	7	16	16	CelloSectMrc	
EXZ007	93	7	17	17	Marcato Vcs	
EXZ007	93	7	18	18	Agitato Vcs	
EXZ007	93	7	19	19	Vcs+Cbs SRX	
EXZ007	93	7	20	20	Arco Vcs+Cbs	
EXZ007	93	7	21	21	Thick Basses	
EXZ007	93	7	22	22	Cb Sect SRX	
EXZ007	93	7	23	23	WideBasses S	
EXZ007	93	7	24	24	Agitato Cbs	
EXZ007	93	7	25	25	BIG StrgEns	
EXZ007	93	7	26	26	Big Strings2	
EXZ007	93	7	27	27	Orch p	
EXZ007	93	7	28	28	Orch p>f/Mod	
EXZ007	93	7	29	29	StrsArco SRX	
EXZ007	93	7	30	30	StrSwel/ModS	
EXZ007	93	7	31	31	StStrOrcp/fS	
EXZ007	93	7	32	32	SlowResinStr	
EXZ007	93	7	33	33	Adagio Strs	
EXZ007	93	7	34	34	LegatoStrngs	
EXZ007	93	7	35	35	Intim StrSec	
EXZ007	93	7	36	36	DramaStrsSRX	
EXZ007	93	7	37	37	St Str p/f	
EXZ007	93	7	38	38	SlowEpic Str	
EXZ007	93	7	39	39	Real Strings	
EXZ007	93	7	40	40	4Seasons SRX	
EXZ007	93	7	41	41	VlVaVcCb SRX	
EXZ007	93	7	42	42	StudioString	
EXZ007	93	7	43	43	Quartet SRX	
EXZ007	93	7	44	44	VibSwStrings	
EXZ007	93	7	45	45	Str Swell	
EXZ007	93	7	46	46	OuvertureSRX	
EXZ007	93	7	47	47	Cluster Sect	
EXZ007	93	7	48	48	Velo Str SRX	
EXZ007	93	7	49	49	Agitato to 0	
EXZ007	93	7	50	50	DynaMarc SRX	
EXZ007	93	7	51	51	VivaceStrSRX	
EXZ007	93	7	52	52	Agitato STR	
EXZ007	93	7	53	53	STR SpiccSRX	
EXZ007	93	7	54	54	StacctoSectn	
EXZ007	93	7	55	55	Spicc/releas	
EXZ007	93	7	56	56	STR Marcato	
EXZ007	93	7	57	57	Big Marcato!	
EXZ007	93	7	58	58	Spicc Sect	
EXZ007	93	7	59	59	Spc+Pz/rleas	
EXZ007	93	7	60	60	Piz-Spc /	
EXZ007	93	7	61	61	RoomPizz SRX	
EXZ007	93	7	62	62	Stage Pizz	
EXZ007	93	7	63	63	Nite Pizzico	
EXZ007	93	7	64	64	VIOLIN solo	
EXZ007	93	7	65	65	Solo Vln /	
EXZ007	93	7	66	66	Solo Violin	
EXZ007	93	7	67	67	Sad S.VlnSRX	
EXZ007	93	7	68	68	Solo Viola	
EXZ007	93	7	69	69	AgitatoVaSRX	
EXZ007	93	7	70	70	Solo Cello 1	
EXZ007	93	7	71	71	Solo Cello 2	
EXZ007	93	7	72	72	The V Cello	
EXZ007	93	7	73	73	Solo Vc /	
EXZ007	93	7	74	74	Marcato Vc	
EXZ007	93	7	75	75	Vln&Vcl	
EXZ007	93	7	76	76	Solo Cb /	
EXZ007	93	7	77	77	Tape Orc SRX	
EXZ007	93	7	78	78	Tape Str SRX	
EXZ007	93	7	79	79	Old Tale	
EXZ007	93	7	80	80	Mellow Tape	
EXZ007	93	7	81	81	Cystaline Pd	
EXZ007	93	7	82	82	SynStrings	
EXZ007	93	7	83	83	Full Orc SRX	
EXZ007	93	7	84	84	St.OrcUniSRX	
EXZ007	93	7	85	85	OrchUnif SRX	
EXZ007	93	7	86	86	GRAND OrcSRX	
EXZ007	93	7	87	87	WavinGoodbye	
EXZ007	93	7	88	88	DynOrchestr1	
EXZ007	93	7	89	89	Pathetique	
EXZ007	93	7	90	90	Oboes & Sect	
EXZ007	93	7	91	91	SlowEpicOrch	
EXZ007	93	7	92	92	Grand Tutti	
EXZ007	93	7	93	93	Ultimate Orc	
EXZ007	93	7	94	94	SuspenceOrch	
EXZ007	93	7	95	95	Tremolo /	
EXZ007	93	7	96	96	TremOrc /Mod	
EXZ007	93	7	97	97	ORC full+BD	
EXZ007	93	7	98	98	Finally Orch	
EXZ007	93	7	99	99	Orch & Choir	
EXZ007	93	7	100	100	NowWeAreFree	
EXZ007	93	7	101	101	Too Tense	
EXZ007	93	7	102	102	OrchestrlSRX	
EXZ007	93	7	103	103	DynOrchestr2	
EXZ007	93	7	104	104	GiantOrchest	
EXZ007	93	7	105	105	Strngs&Horns	
EXZ007	93	7	106	106	Full Orch. 1	
EXZ007	93	7	107	107	Full Orch. 2	
EXZ007	93	7	108	108	Full Orch. 3	
EXZ007	93	7	109	109	End Titles	
EXZ007	93	7	110	110	HornStrs SRX	
EXZ007	93	7	111	111	SRX Full Orc	
EXZ007	93	7	112	112	Harp & Flute	
EXZ007	93	7	113	113	Celesta&Flt	
EXZ007	93	7	114	114	ProkofievSRX	
EXZ007	93	7	115	115	MassInCeeSRX	
EXZ007	93	7	116	116	PentatnicSRX	
EXZ007	93	7	117	117	DawnSynphony	
EXZ007	93	7	118	118	Bad Ending	
EXZ007	93	7	119	119	Epic Ending	
EXZ007	93	7	120	120	Catwalk	
EXZ007	93	7	121	121	OrchStaccato	
EXZ007	93	7	122	122	Staccato SRX	
EXZ007	93	7	123	123	OrchHitStack	
EXZ007	93	7	124	124	Dynam Hit	
EXZ007	93	7	125	125	MondoHit SRX	
EXZ007	93	7	126	126	OrchHit SRX	
EXZ007	93	7	127	127	OrcHitMajSRX	
EXZ007	93	7	128	128	OrcHitMinSRX	
EXZ007	93	8	1	1	OrcHitDimSRX	
EXZ007	93	8	2	2	Big Hit Maj1	
EXZ007	93	8	3	3	Big Hit Maj2	
EXZ007	93	8	4	4	Big Hit Min	
EXZ007	93	8	5	5	Big Hit Dim	
EXZ007	93	8	6	6	Sfz! Hit-Maj	
EXZ007	93	8	7	7	Sfz! Hit-Min	
EXZ007	93	8	8	8	Suspense	
EXZ007	93	8	9	9	Hit/Off-Maj	
EXZ007	93	8	10	10	Trem Hit-Maj	
EXZ007	93	8	11	11	Trem Hit-Min	
EXZ007	93	8	12	12	Trem Hit-Dim	
EXZ007	93	8	13	13	Orc/Prc 5-1^	
EXZ007	93	8	14	14	Drama Stab	
EXZ007	93	8	15	15	Maj Concern	
EXZ007	93	8	16	16	OrcGlsMajSRX	
EXZ007	93	8	17	17	OrcGlsMinSRX	
EXZ007	93	8	18	18	Harp Up Hit	
EXZ007	93	8	19	19	Harp Dn Hit	
EXZ007	93	8	20	20	BrassStabSRX	
EXZ007	93	8	21	21	Finale	
EXZ007	93	8	22	22	Tuned HIT	
EXZ007	93	8	23	23	YourMissionS	
EXZ007	93	8	24	24	Big Hit SRX	
EXZ007	93	8	25	25	HorrorHitSRX	
EXZ007	93	8	26	26	Perc Hit	
EXZ007	93	8	27	27	BrassFallSRX	
EXZ007	93	8	28	28	Tp Fall	
EXZ007	93	8	29	29	BrsStacc SRX	
EXZ007	93	8	30	30	Finale SRX /	
EXZ007	93	8	31	31	Orch Piccolo	
EXZ007	93	8	32	32	Picc Vel Tr	
EXZ007	93	8	33	33	Piccolo Trio	
EXZ007	93	8	34	34	Orch Flute	
EXZ007	93	8	35	35	Vibra Flute	
EXZ007	93	8	36	36	FluteAtm/Aft	
EXZ007	93	8	37	37	Picc/Fl 8va	
EXZ007	93	8	38	38	Double Flute	
EXZ007	93	8	39	39	Fl/EH Usn	
EXZ007	93	8	40	40	Calliope SRX	
EXZ007	93	8	41	41	DynoCelt SRX	
EXZ007	93	8	42	42	Ethnic Flute	
EXZ007	93	8	43	43	AmbiFluteSRX	
EXZ007	93	8	44	44	T.WhistleDly	
EXZ007	93	8	45	45	TinWhistle	
EXZ007	93	8	46	46	Sop Recorder	
EXZ007	93	8	47	47	Tnr Recorder	
EXZ007	93	8	48	48	Whistle SRX	
EXZ007	93	8	49	49	Solo Clari	
EXZ007	93	8	50	50	Unison Clari	
EXZ007	93	8	51	51	Orch Clar	
EXZ007	93	8	52	52	Bs Clairenet	
EXZ007	93	8	53	53	Orch Bs Clar	
EXZ007	93	8	54	54	Cl/Bs Cl 8va	
EXZ007	93	8	55	55	Fl/Cl Usn	
EXZ007	93	8	56	56	Fl/Cl 8va	
EXZ007	93	8	57	57	Orch Oboe	
EXZ007	93	8	58	58	Sweet Oboe	
EXZ007	93	8	59	59	Cor Oboe	
EXZ007	93	8	60	60	OBOE Solo	
EXZ007	93	8	61	61	2 Close Oboe	
EXZ007	93	8	62	62	Orch Eng Hrn	
EXZ007	93	8	63	63	Horn'o U.K.	
EXZ007	93	8	64	64	Orch Bassoon	
EXZ007	93	8	65	65	Bassoon III	
EXZ007	93	8	66	66	BassFoons	
EXZ007	93	8	67	67	Cl/Bsn Usn	
EXZ007	93	8	68	68	Cl/Bsn 8va	
EXZ007	93	8	69	69	Fl/Ob Usn	
EXZ007	93	8	70	70	Fl/EH 8va	
EXZ007	93	8	71	71	Fl/Bsn 8va	
EXZ007	93	8	72	72	BsCl/Bsn 8vb	
EXZ007	93	8	73	73	BsCl/Bsn Usn	
EXZ007	93	8	74	74	Cl/Hrn/Bsn 1	
EXZ007	93	8	75	75	Cl/Hrn/Bsn 2	
EXZ007	93	8	76	76	Ob/Hrns/Bsns	
EXZ007	93	8	77	77	Ob/Bsn 8va	
EXZ007	93	8	78	78	Ob/EH Usn	
EXZ007	93	8	79	79	Ob/EH 8va	
EXZ007	93	8	80	80	EH/Bsn Usn	
EXZ007	93	8	81	81	EH/Bsn 8va	
EXZ007	93	8	82	82	EH/Cl Usn	
EXZ007	93	8	83	83	EH/Bs Cl 8va	
EXZ007	93	8	84	84	Ob/Cl Usn	
EXZ007	93	8	85	85	Ob/BsCl 15va	
EXZ007	93	8	86	86	Hrns/Bsns	
EXZ007	93	8	87	87	Really Reeds	
EXZ007	93	8	88	88	Reed Duet	
EXZ007	93	8	89	89	Multi Reeds	
EXZ007	93	8	90	90	Medieval Rds	
EXZ007	93	8	91	91	ScottishPIPE	
EXZ007	93	8	92	92	Hill&Sheeps	
EXZ007	93	8	93	93	HilndChr SRX	
EXZ007	93	8	94	94	Solo Fr.Horn	
EXZ007	93	8	95	95	SoloF.HrnSRX	
EXZ007	93	8	96	96	HrnAccompSRX	
EXZ007	93	8	97	97	Orch Hrns Sw	
EXZ007	93	8	98	98	Hornz Stereo	
EXZ007	93	8	99	99	Orch Hrns ff	
EXZ007	93	8	100	100	FizzHorns ff	
EXZ007	93	8	101	101	Fr.Horns SRX	
EXZ007	93	8	102	102	Dynamic Hrns	
EXZ007	93	8	103	103	Horn Sect /	
EXZ007	93	8	104	104	Fr.HrnSfzSRX	
EXZ007	93	8	105	105	MuteFr.Horns	
EXZ007	93	8	106	106	F.Horn Rip	
EXZ007	93	8	107	107	Trumpet Plus	
EXZ007	93	8	108	108	Natural Tmpt	
EXZ007	93	8	109	109	Real Tp SRX	
EXZ007	93	8	110	110	El Bono SRX	
EXZ007	93	8	111	111	Coronet	
EXZ007	93	8	112	112	Flugelhorn	
EXZ007	93	8	113	113	Mute Tp SRX	
EXZ007	93	8	114	114	HrmnMute SRX	
EXZ007	93	8	115	115	WahMute /Mod	
EXZ007	93	8	116	116	Trumpeters	
EXZ007	93	8	117	117	Tp Ens SRX	
EXZ007	93	8	118	118	Trumps fff!!	
EXZ007	93	8	119	119	Softy Bones	
EXZ007	93	8	120	120	Bone Fluegal	
EXZ007	93	8	121	121	Natural Tbn	
EXZ007	93	8	122	122	Trombone SRX	
EXZ007	93	8	123	123	SoloTb SRX 1	
EXZ007	93	8	124	124	SoloTb SRX 2	
EXZ007	93	8	125	125	Bs Tb	
EXZ007	93	8	126	126	Tbn One	
EXZ007	93	8	127	127	Bone Boys	
EXZ007	93	8	128	128	Bones sectn	
EXZ007	93	9	1	1	BigBones SRX	
EXZ007	93	9	2	2	BsBoneSctSRX	
EXZ007	93	9	3	3	Noblesse	
EXZ007	93	9	4	4	Brass Choral	
EXZ007	93	9	5	5	BrassEns/Mod	
EXZ007	93	9	6	6	Small Brass	
EXZ007	93	9	7	7	Brass Orche	
EXZ007	93	9	8	8	Switch Fall	
EXZ007	93	9	9	9	4-Pc Brs Scn	
EXZ007	93	9	10	10	BiggieBrsSRX	
EXZ007	93	9	11	11	SoloTuba SRX	
EXZ007	93	9	12	12	Tuba sfz/Mod	
EXZ007	93	9	13	13	Tuba SRX	
EXZ007	93	9	14	14	Medieval Brs	
EXZ007	93	9	15	15	Full Brass	
EXZ007	93	9	16	16	Brass ff	
EXZ007	93	9	17	17	Brass Sect /	
EXZ007	93	9	18	18	Multi Sax	
EXZ007	93	9	19	19	St.EuroPiano	
EXZ007	93	9	20	20	JoyoClassics	
EXZ007	93	9	21	21	Empathy	
EXZ007	93	9	22	22	Piano & Strs	
EXZ007	93	9	23	23	Pno Concerto	
EXZ007	93	9	24	24	Song Wish	
EXZ007	93	9	25	25	HpsFrntSRX 1	
EXZ007	93	9	26	26	HpsFrntSRX 2	
EXZ007	93	9	27	27	HpsFrntSRX 3	
EXZ007	93	9	28	28	HpsBackSRX 1	
EXZ007	93	9	29	29	HpsBackSRX 2	
EXZ007	93	9	30	30	HpsBackSRX 3	
EXZ007	93	9	31	31	Hps F/B SRX	
EXZ007	93	9	32	32	Hps F4/B SRX	
EXZ007	93	9	33	33	Hps F/B/B4 S	
EXZ007	93	9	34	34	HpsLuteSRX 1	
EXZ007	93	9	35	35	HpsLute 2	
EXZ007	93	9	36	36	HpsLute 3	
EXZ007	93	9	37	37	FullHarpsi 1	
EXZ007	93	9	38	38	FullHarpsi 2	
EXZ007	93	9	39	39	Continuo Pdl	
EXZ007	93	9	40	40	Celesta SRX	
EXZ007	93	9	41	41	MusicBellSRX	
EXZ007	93	9	42	42	Water Mallet	
EXZ007	93	9	43	43	Newborn	
EXZ007	93	9	44	44	Victoriana 1	
EXZ007	93	9	45	45	St.M.Box SRX	
EXZ007	93	9	46	46	Victoriana 2	
EXZ007	93	9	47	47	ChurchBellS1	
EXZ007	93	9	48	48	BlfryChm SRX	
EXZ007	93	9	49	49	ChurchBellS2	
EXZ007	93	9	50	50	Tub.Bells S1	
EXZ007	93	9	51	51	Tub.Bells S2	
EXZ007	93	9	52	52	BsMarimbSRX1	
EXZ007	93	9	53	53	BsMarimbSRX2	
EXZ007	93	9	54	54	MultiMallets	
EXZ007	93	9	55	55	Glocken	
EXZ007	93	9	56	56	Glockeneste	
EXZ007	93	9	57	57	GlocknlstSRX	
EXZ007	93	9	58	58	Clear Glock	
EXZ007	93	9	59	59	Xylorimba	
EXZ007	93	9	60	60	Xylophone S1	
EXZ007	93	9	61	61	Xylophone S2	
EXZ007	93	9	62	62	Mallet Stack	
EXZ007	93	9	63	63	OrgFlutes S1	
EXZ007	93	9	64	64	OrgFlutes S2	
EXZ007	93	9	65	65	OrgFlutes S3	
EXZ007	93	9	66	66	OrgFlute 8'S	
EXZ007	93	9	67	67	Psyche Pipes	
EXZ007	93	9	68	68	ChrchPipes S	
EXZ007	93	9	69	69	Organ&Recdr	
EXZ007	93	9	70	70	Early Harmn	
EXZ007	93	9	71	71	CathedralSRX	
EXZ007	93	9	72	72	Harmonium	
EXZ007	93	9	73	73	ChurchOrgSRX	
EXZ007	93	9	74	74	OrganChrdSRX	
EXZ007	93	9	75	75	Musaccordion	
EXZ007	93	9	76	76	Mystery Pad	
EXZ007	93	9	77	77	Psychedelic1	
EXZ007	93	9	78	78	Psychedelic2	
EXZ007	93	9	79	79	Eylsium  m7^	
EXZ007	93	9	80	80	Eylsium 9th^	
EXZ007	93	9	81	81	Eylsium  +7^	
EXZ007	93	9	82	82	Eylsium  b9^	
EXZ007	93	9	83	83	Vln RunUp Mj	
EXZ007	93	9	84	84	Vln RunUp Mn	
EXZ007	93	9	85	85	Vln RunDn Mj	
EXZ007	93	9	86	86	Vln RunDn Mn	
EXZ007	93	9	87	87	Maj/MinHarps	
EXZ007	93	9	88	88	9th/b9 Harps	
EXZ007	93	9	89	89	Harp m7 SRX	
EXZ007	93	9	90	90	Harp 9th SRX	
EXZ007	93	9	91	91	Harp +7 SRX	
EXZ007	93	9	92	92	Harp b9 SRX	
EXZ007	93	9	93	93	Harpm7SclSRX	
EXZ007	93	9	94	94	Harp9thScrlS	
EXZ007	93	9	95	95	Harp+7SclSRX	
EXZ007	93	9	96	96	Harpb9SclSRX	
EXZ007	93	9	97	97	Cluster Gong	
EXZ007	93	9	98	98	Sus.Perc Hit	
EXZ007	93	9	99	99	Prc Ens6-Maj	
EXZ007	93	9	100	100	Prc Ens7-Min	
EXZ007	93	9	101	101	Prc Ens8-Dim	
EXZ007	93	9	102	102	Cluster SRX	
EXZ007	93	9	103	103	HorrorClustr	
EXZ007	93	9	104	104	Hell Section	
EXZ007	93	9	105	105	Legettimare	
EXZ007	93	9	106	106	Limbus SRX	
EXZ007	93	9	107	107	Backword	
EXZ007	93	9	108	108	Dreamseq SRX	
EXZ007	93	9	109	109	Midnight SRX	
EXZ007	93	9	110	110	Colombus SRX	
EXZ007	93	9	111	111	Once Upon A	
EXZ007	93	9	112	112	Desert Dream	
EXZ007	93	9	113	113	AncientTimes	
EXZ007	93	9	114	114	Tension SRX	
EXZ007	93	9	115	115	Wreck	
EXZ007	93	9	116	116	Eclipse SRX	
EXZ007	93	9	117	117	PulsingVox S	
EXZ007	93	9	118	118	SynthStr.Pad	
EXZ007	93	9	119	119	Meditate PAD	
EXZ007	93	9	120	120	Choir	
EXZ007	93	9	121	121	Angelic Pad	
EXZ007	93	9	122	122	BoysChoirSRX	
EXZ007	93	9	123	123	Sing! /Mod	
EXZ007	93	9	124	124	SmockyVoices	
EXZ007	93	9	125	125	Smooth Choir	
EXZ007	93	9	126	126	X.. Vox SRX	
EXZ007	93	9	127	127	RealChoirSRX	
EXZ007	93	9	128	128	StChrMm/Ah S	
EXZ007	93	10	1	1	Mmms & Aaahs	
EXZ007	93	10	2	2	Choir /Mod	
EXZ007	93	10	3	3	Close Mouths	
EXZ007	93	10	4	4	Voice Stax	
EXZ007	93	10	5	5	MorphieChoir	
EXZ007	93	10	6	6	Morph4Choir	
EXZ007	93	10	7	7	17th Movemnt	
EXZ007	93	10	8	8	Matins	
EXZ007	93	10	9	9	Quartet II 5	
EXZ007	93	10	10	10	Scat /	
EXZ007	93	10	11	11	Scatmen! SRX	
EXZ007	93	10	12	12	The Voices	
EXZ007	93	10	13	13	VocalCollect	
EXZ007	93	10	14	14	GregorianCho	
EXZ007	93	10	15	15	Soprano&co.	
EXZ007	93	10	16	16	Tenor solo	
EXZ007	93	10	17	17	ClarsahHarpS	
EXZ007	93	10	18	18	Heavens Harp	
EXZ007	93	10	19	19	C.Hrp/padSRX	
EXZ007	93	10	20	20	PhaseClarsah	
EXZ007	93	10	21	21	ClearHarpSRX	
EXZ007	93	10	22	22	Nails Harp	
EXZ007	93	10	23	23	Harp SRX	
EXZ007	93	10	24	24	Natural Harp	
EXZ007	93	10	25	25	Warm Harp	
EXZ007	93	10	26	26	Bousouk&Harp	
EXZ007	93	10	27	27	Etheral Lute	
EXZ007	93	10	28	28	DelicateCOMB	
EXZ007	93	10	29	29	St.CymblnSRX	
EXZ007	93	10	30	30	CymblnDuoSRX	
EXZ007	93	10	31	31	Bohemian SRX	
EXZ007	93	10	32	32	Bousouki Pic	
EXZ007	93	10	33	33	Bousouki	
EXZ007	93	10	34	34	PulcinelaSRX	
EXZ007	93	10	35	35	SN Roll SRX/	
EXZ007	93	10	36	36	Perc Ens 1^	
EXZ007	93	10	37	37	Perc Ens 2^	
EXZ007	93	10	38	38	Perc Ens 3^	
EXZ007	93	10	39	39	Perc Ens 4^	
EXZ007	93	10	40	40	Perc Ens 5^	
EXZ007	93	10	41	41	Orch Percs	
EXZ007	93	10	42	42	BodhranSplit	
EXZ007	93	10	43	43	BodhranVel S	
EXZ007	93	10	44	44	CrazyBodhrnS	
EXZ007	93	10	45	45	BodhranMenuS	
EXZ007	93	10	46	46	Perc Mix SRX	
EXZ007	93	10	47	47	MassiveTimpa	
EXZ007	93	10	48	48	4-way Timps	
EXZ007	93	10	49	49	DynaTimpsSRX	
EXZ007	93	10	50	50	TimpaniRoll1	
EXZ007	93	10	51	51	TimpaniRoll2	
EXZ007	93	10	52	52	MultiTimpani	
EXZ007	93	10	53	53	Roll > Klang	
EXZ007	93	10	54	54	Timpani /	
EXZ007	93	10	55	55	Big Orc.Perc	
EXZ007	93	10	56	56	WindChimeSRX	
EXZ007	93	10	57	57	FingerCymSRX	
EXZ007	93	10	58	58	ConcertBDSRX	
EXZ007	93	10	59	59	BD Roll SRX/	
EXZ007	93	10	60	60	Tam Tam SRX	
EXZ007	93	10	61	61	Piatti!! SRX	
EXZ007	93	10	62	62	SleighBellsS	
EXZ007	93	10	63	63	SlapstickS /	
EXZ007	93	10	64	64	TambourineS/	
EXZ007	93	10	65	65	CastanetsS /	
EXZ008	93	11	1	1	Stereo Piano	
EXZ008	93	11	2	2	Gran'Piano	
EXZ008	93	11	3	3	Easy Rocker	
EXZ008	93	11	4	4	Stage Grand	
EXZ008	93	11	5	5	SA Rocker	
EXZ008	93	11	6	6	Padded Pno	
EXZ008	93	11	7	7	Suitcase EP	
EXZ008	93	11	8	8	Real Thing	
EXZ008	93	11	9	9	Fusiontastic	
EXZ008	93	11	10	10	Inspiration	
EXZ008	93	11	11	11	Touch EP SRX	
EXZ008	93	11	12	12	Stage73 SRX	
EXZ008	93	11	13	13	Stage EP 2	
EXZ008	93	11	14	14	BalladPanner	
EXZ008	93	11	15	15	80's EP	
EXZ008	93	11	16	16	SweetStagePN	
EXZ008	93	11	17	17	Padded EP	
EXZ008	93	11	18	18	Nursery Tine	
EXZ008	93	11	19	19	Sine EP	
EXZ008	93	11	20	20	70s Ballad	
EXZ008	93	11	21	21	Church Mouse	
EXZ008	93	11	22	22	ClaviQ EP	
EXZ008	93	11	23	23	FlaredTrouzr	
EXZ008	93	11	24	24	70'EP Bs	
EXZ008	93	11	25	25	Swurly	
EXZ008	93	11	26	26	Dyno-Wurli	
EXZ008	93	11	27	27	60s Bros	
EXZ008	93	11	28	28	Pianohner	
EXZ008	93	11	29	29	Pianette 2K	
EXZ008	93	11	30	30	Cheapy Ep1	
EXZ008	93	11	31	31	Rox 668 St	
EXZ008	93	11	32	32	80's FM	
EXZ008	93	11	33	33	The 70'EP	
EXZ008	93	11	34	34	Heavens Tine	
EXZ008	93	11	35	35	Sparkle EPno	
EXZ008	93	11	36	36	FirstDigital	
EXZ008	93	11	37	37	VX Harpsi	
EXZ008	93	11	38	38	Harpsiclav	
EXZ008	93	11	39	39	E.Harpsi	
EXZ008	93	11	40	40	Clav 1 SRX	
EXZ008	93	11	41	41	Clav 2 SRX	
EXZ008	93	11	42	42	VeloClav SRX	
EXZ008	93	11	43	43	Clav 3 SRX	
EXZ008	93	11	44	44	Generic Clav	
EXZ008	93	11	45	45	Clav Pluck	
EXZ008	93	11	46	46	Vintage Clav	
EXZ008	93	11	47	47	Dyno Clav	
EXZ008	93	11	48	48	PhaserClavi	
EXZ008	93	11	49	49	CompClav SRX	
EXZ008	93	11	50	50	MuteClv1 SRX	
EXZ008	93	11	51	51	MuteClv2 SRX	
EXZ008	93	11	52	52	Clav Supremo	
EXZ008	93	11	53	53	Clav By III	
EXZ008	93	11	54	54	Funk Synclav	
EXZ008	93	11	55	55	Quacky Clav	
EXZ008	93	11	56	56	GuitClav SRX	
EXZ008	93	11	57	57	Juno Clavi	
EXZ008	93	11	58	58	PhazynClvSRX	
EXZ008	93	11	59	59	MG-y Pulse	
EXZ008	93	11	60	60	JP8 Clav SRX	
EXZ008	93	11	61	61	HyperClv SRX	
EXZ008	93	11	62	62	Twinkle Bell	
EXZ008	93	11	63	63	Troika Ride	
EXZ008	93	11	64	64	Analog Bell	
EXZ008	93	11	65	65	Goodnite SRX	
EXZ008	93	11	66	66	2.2 SEQ SRX	
EXZ008	93	11	67	67	Vibraphone!	
EXZ008	93	11	68	68	SA Vibe  SRX	
EXZ008	93	11	69	69	Blue B  SRX	
EXZ008	93	11	70	70	FullPerc SRX	
EXZ008	93	11	71	71	NiceFeel SRX	
EXZ008	93	11	72	72	GreenB /Pdl	
EXZ008	93	11	73	73	Mello	
EXZ008	93	11	74	74	LA Blues SRX	
EXZ008	93	11	75	75	2BorNot2B3 2	
EXZ008	93	11	76	76	Gospel B SRX	
EXZ008	93	11	77	77	Bookin'B SRX	
EXZ008	93	11	78	78	Hush B3 SRX	
EXZ008	93	11	79	79	Real Organ	
EXZ008	93	11	80	80	Tenamos L100	
EXZ008	93	11	81	81	Harm.Organ	
EXZ008	93	11	82	82	Harm.Organ2	
EXZ008	93	11	83	83	Power B SRX	
EXZ008	93	11	84	84	AllStarB3SRX	
EXZ008	93	11	85	85	GoodLord/Mod	
EXZ008	93	11	86	86	CabnetSeries	
EXZ008	93	11	87	87	Absolute B3	
EXZ008	93	11	88	88	Rox368-B/Mod	
EXZ008	93	11	89	89	Suitcase B3	
EXZ008	93	11	90	90	BalladB /Mod	
EXZ008	93	11	91	91	70'sKeysMix	
EXZ008	93	11	92	92	Rotary B3	
EXZ008	93	11	93	93	Dyna Hammnd	
EXZ008	93	11	94	94	SaltyDog SRX	
EXZ008	93	11	95	95	Swt&Mllw SRX	
EXZ008	93	11	96	96	Mellow 4'SRX	
EXZ008	93	11	97	97	ZomBee SRX	
EXZ008	93	11	98	98	Perky Twin B	
EXZ008	93	11	99	99	BluesPercSRX	
EXZ008	93	11	100	100	Club Organ	
EXZ008	93	11	101	101	888 +3rd SRX	
EXZ008	93	11	102	102	8888+3rd SRX	
EXZ008	93	11	103	103	Velo Perc	
EXZ008	93	11	104	104	Jazzy B	
EXZ008	93	11	105	105	Gutsy C3	
EXZ008	93	11	106	106	B3 888000004	
EXZ008	93	11	107	107	60s Brothers	
EXZ008	93	11	108	108	FirePerc SRX	
EXZ008	93	11	109	109	PercNorm3rd	
EXZ008	93	11	110	110	PercSoft3rd	
EXZ008	93	11	111	111	858808880SRX	
EXZ008	93	11	112	112	Mad Organ	
EXZ008	93	11	113	113	Touchy B Fst	
EXZ008	93	11	114	114	Souvenirs	
EXZ008	93	11	115	115	R&R B3 SRX	
EXZ008	93	11	116	116	B3Sermon SRX	
EXZ008	93	11	117	117	AllSkate!SRX	
EXZ008	93	11	118	118	BalladB3 SRX	
EXZ008	93	11	119	119	Ultimate B 4	
EXZ008	93	11	120	120	Purple SRX	
EXZ008	93	11	121	121	GimmeSomeSRX	
EXZ008	93	11	122	122	Smoked Water	
EXZ008	93	11	123	123	HardPerc3rd	
EXZ008	93	11	124	124	FuzzheadSRX	
EXZ008	93	11	125	125	Tron B	
EXZ008	93	11	126	126	ShimmerOrgan	
EXZ008	93	11	127	127	AnimalModSRX	
EXZ008	93	11	128	128	SurfMnkysSRX	
EXZ008	93	12	1	1	TelstarOrgan	
EXZ008	93	12	2	2	60s TransistrOrg	
EXZ008	93	12	3	3	Organfest'66	
EXZ008	93	12	4	4	PalisadesSRX	
EXZ008	93	12	5	5	New Riders	
EXZ008	93	12	6	6	The Sham SRX	
EXZ008	93	12	7	7	CrummyOrgSRX	
EXZ008	93	12	8	8	IronFarf SRX	
EXZ008	93	12	9	9	FarfComboSRX	
EXZ008	93	12	10	10	Farfisorium	
EXZ008	93	12	11	11	Farf 8' + 2'	
EXZ008	93	12	12	12	RoxOrgan SRX	
EXZ008	93	12	13	13	DittyDoo SRX	
EXZ008	93	12	14	14	Tranny Organ	
EXZ008	93	12	15	15	2.2 Organ	
EXZ008	93	12	16	16	VS Organ SRX	
EXZ008	93	12	17	17	D50 OrganSRX	
EXZ008	93	12	18	18	OrganbellSRX	
EXZ008	93	12	19	19	PhazedOrgSRX	
EXZ008	93	12	20	20	Das Limpet	
EXZ008	93	12	21	21	Spanish Gtr	
EXZ008	93	12	22	22	Nylon on Pad	
EXZ008	93	12	23	23	Conquest	
EXZ008	93	12	24	24	Heaven Nylon	
EXZ008	93	12	25	25	In Peace	
EXZ008	93	12	26	26	NashvilleSRX	
EXZ008	93	12	27	27	Caster Delay	
EXZ008	93	12	28	28	12Str E.Gtr	
EXZ008	93	12	29	29	Narnia	
EXZ008	93	12	30	30	Gtr PopArps	
EXZ008	93	12	31	31	Touchy Mutes	
EXZ008	93	12	32	32	Disto-Chunky	
EXZ008	93	12	33	33	Rock Mute	
EXZ008	93	12	34	34	TL Master	
EXZ008	93	12	35	35	Plugged!	
EXZ008	93	12	36	36	WildSynth101	
EXZ008	93	12	37	37	SH Dullbass	
EXZ008	93	12	38	38	101 Bass	
EXZ008	93	12	39	39	SH101 Bass	
EXZ008	93	12	40	40	SH-2 Bs SRX	
EXZ008	93	12	41	41	Bassic101SRX	
EXZ008	93	12	42	42	Fat Butt	
EXZ008	93	12	43	43	JP-4 Bs SRX	
EXZ008	93	12	44	44	Systm700 SRX	
EXZ008	93	12	45	45	BigSubBs SRX	
EXZ008	93	12	46	46	TickerBs SRX	
EXZ008	93	12	47	47	202 Bass	
EXZ008	93	12	48	48	101ZapBs SRX	
EXZ008	93	12	49	49	Housy Bass	
EXZ008	93	12	50	50	HousineBsSRX	
EXZ008	93	12	51	51	WooferBs SRX	
EXZ008	93	12	52	52	System100SRX	
EXZ008	93	12	53	53	Low Bass SRX	
EXZ008	93	12	54	54	TB3O3 Reso	
EXZ008	93	12	55	55	MeanderingBs	
EXZ008	93	12	56	56	Acid TB Bs	
EXZ008	93	12	57	57	MonsterMGSRX	
EXZ008	93	12	58	58	Rogue Bs SRX	
EXZ008	93	12	59	59	Classic Bs	
EXZ008	93	12	60	60	Fat Bass	
EXZ008	93	12	61	61	ResoMG BsSRX	
EXZ008	93	12	62	62	MG Punchbass	
EXZ008	93	12	63	63	Spike Bs SRX	
EXZ008	93	12	64	64	WetMG Bs SRX	
EXZ008	93	12	65	65	2-way Bass	
EXZ008	93	12	66	66	BsPedals SRX	
EXZ008	93	12	67	67	MG PedalsSRX	
EXZ008	93	12	68	68	OB Bass SRX	
EXZ008	93	12	69	69	8VCO Mono	
EXZ008	93	12	70	70	Thick OBass	
EXZ008	93	12	71	71	The Synbass	
EXZ008	93	12	72	72	Dark~~~~BASS	
EXZ008	93	12	73	73	Valve5thBass	
EXZ008	93	12	74	74	Rezidence	
EXZ008	93	12	75	75	OrganSawBass	
EXZ008	93	12	76	76	Organ Bass	
EXZ008	93	12	77	77	SquareBs SRX	
EXZ008	93	12	78	78	SlobbryBsSRX	
EXZ008	93	12	79	79	Super Bs SRX	
EXZ008	93	12	80	80	STronSTringz	
EXZ008	93	12	81	81	TrnStrDrySRX	
EXZ008	93	12	82	82	Tron Vls SRX	
EXZ008	93	12	83	83	MelloVlnsSRX	
EXZ008	93	12	84	84	JP8 Str1 SRX	
EXZ008	93	12	85	85	JP8 Str2 SRX	
EXZ008	93	12	86	86	JP+OB StrSRX	
EXZ008	93	12	87	87	M12 Strings	
EXZ008	93	12	88	88	Wavestr SRX	
EXZ008	93	12	89	89	MemoryMG SRX	
EXZ008	93	12	90	90	Solina SRX	
EXZ008	93	12	91	91	Omni Strings	
EXZ008	93	12	92	92	Big Str SRX	
EXZ008	93	12	93	93	Solo Flute	
EXZ008	93	12	94	94	TouchFlt SRX	
EXZ008	93	12	95	95	StrawberTRON	
EXZ008	93	12	96	96	Flute School	
EXZ008	93	12	97	97	Calli SRX	
EXZ008	93	12	98	98	TpSoloistSRX	
EXZ008	93	12	99	99	Pop Fanfare	
EXZ008	93	12	100	100	Oct Brass	
EXZ008	93	12	101	101	SessnBrs SRX	
EXZ008	93	12	102	102	R&R Bras SRX	
EXZ008	93	12	103	103	SuperTnr SRX	
EXZ008	93	12	104	104	T.Sax f SRX	
EXZ008	93	12	105	105	Cool Sax	
EXZ008	93	12	106	106	Duelin' Saxs	
EXZ008	93	12	107	107	SoftSaxesSRX	
EXZ008	93	12	108	108	AmazngEchSRX	
EXZ008	93	12	109	109	FlaxOstinato	
EXZ008	93	12	110	110	2voiceLd SRX	
EXZ008	93	12	111	111	Hollo Lead	
EXZ008	93	12	112	112	Sinusolo SRX	
EXZ008	93	12	113	113	Shmoog SRX	
EXZ008	93	12	114	114	Sine	
EXZ008	93	12	115	115	SH2000VoxSRX	
EXZ008	93	12	116	116	FM Lead SRX	
EXZ008	93	12	117	117	TrickTailEnd	
EXZ008	93	12	118	118	4 Old Saws	
EXZ008	93	12	119	119	Saw Bowed	
EXZ008	93	12	120	120	VoxSaws Lead	
EXZ008	93	12	121	121	GR500 Ld SRX	
EXZ008	93	12	122	122	LimonaireSRX	
EXZ008	93	12	123	123	NakdCheseSRX	
EXZ008	93	12	124	124	PromarsLdSRX	
EXZ008	93	12	125	125	Sweeze Lead	
EXZ008	93	12	126	126	Homey Lead	
EXZ008	93	12	127	127	MG Lead SRX	
EXZ008	93	12	128	128	Dreams Saw	
EXZ008	93	13	1	1	The Real Pat	
EXZ008	93	13	2	2	H 2 O	
EXZ008	93	13	3	3	PulseLd SRX	
EXZ008	93	13	4	4	Mono FM Lead	
EXZ008	93	13	5	5	VCO OctLdSRX	
EXZ008	93	13	6	6	Saws Lead	
EXZ008	93	13	7	7	Changes	
EXZ008	93	13	8	8	P5 Lead	
EXZ008	93	13	9	9	SH-2&5 Sqr	
EXZ008	93	13	10	10	Cutting Solo	
EXZ008	93	13	11	11	Racy Lead	
EXZ008	93	13	12	12	Speedometer	
EXZ008	93	13	13	13	Rotary Lead	
EXZ008	93	13	14	14	BuzzzzzzzSRX	
EXZ008	93	13	15	15	Telstar Lead	
EXZ008	93	13	16	16	Pattern It	
EXZ008	93	13	17	17	Carbonite	
EXZ008	93	13	18	18	The Pipe 5th	
EXZ008	93	13	19	19	Buzzy Beez	
EXZ008	93	13	20	20	Look Back	
EXZ008	93	13	21	21	Razzert	
EXZ008	93	13	22	22	Raveferenz	
EXZ008	93	13	23	23	SupremeCheez	
EXZ008	93	13	24	24	Exit	
EXZ008	93	13	25	25	Riff the 5th	
EXZ008	93	13	26	26	Ice Man	
EXZ008	93	13	27	27	DncStack1SRX	
EXZ008	93	13	28	28	DncStack2SRX	
EXZ008	93	13	29	29	DncStack3SRX	
EXZ008	93	13	30	30	DncStack4SRX	
EXZ008	93	13	31	31	DncStack5SRX	
EXZ008	93	13	32	32	Euro BrsSRX	
EXZ008	93	13	33	33	ThipsBlipSRX	
EXZ008	93	13	34	34	FaveoravoSRX	
EXZ008	93	13	35	35	Cleanse	
EXZ008	93	13	36	36	Mer	
EXZ008	93	13	37	37	B-lieve	
EXZ008	93	13	38	38	Blue Light	
EXZ008	93	13	39	39	Progress	
EXZ008	93	13	40	40	Modularswirl	
EXZ008	93	13	41	41	Sparkly	
EXZ008	93	13	42	42	Undertones	
EXZ008	93	13	43	43	HappyLFOsSRX	
EXZ008	93	13	44	44	AeroInsctSRX	
EXZ008	93	13	45	45	MC8 Seq SRX	
EXZ008	93	13	46	46	Legato Rip	
EXZ008	93	13	47	47	Steam Valve	
EXZ008	93	13	48	48	Haunted Tron	
EXZ008	93	13	49	49	Experimental	
EXZ008	93	13	50	50	Megatron	
EXZ008	93	13	51	51	Outer Spaces	
EXZ008	93	13	52	52	Martian Bell	
EXZ008	93	13	53	53	Ethereal SRX	
EXZ008	93	13	54	54	Meow 5thsSRX	
EXZ008	93	13	55	55	MantrawavSRX	
EXZ008	93	13	56	56	RSS SpinnerS	
EXZ008	93	13	57	57	Comp Net SRX	
EXZ008	93	13	58	58	SpitBrs SRX	
EXZ008	93	13	59	59	Pro-10BrsSRX	
EXZ008	93	13	60	60	OBStabBrsSRX	
EXZ008	93	13	61	61	Pro-5 BrsSRX	
EXZ008	93	13	62	62	Quack BrsSRX	
EXZ008	93	13	63	63	M.MG Brs SRX	
EXZ008	93	13	64	64	FM Brs SRX	
EXZ008	93	13	65	65	D50Belpd1SRX	
EXZ008	93	13	66	66	D50Belpd2SRX	
EXZ008	93	13	67	67	D50Belpd3SRX	
EXZ008	93	13	68	68	KlmbSynthSRX	
EXZ008	93	13	69	69	B Higher	
EXZ008	93	13	70	70	Reflections	
EXZ008	93	13	71	71	VintagLayers	
EXZ008	93	13	72	72	HandleW/Care	
EXZ008	93	13	73	73	StaccHvn SRX	
EXZ008	93	13	74	74	TimefliesSRX	
EXZ008	93	13	75	75	JP6SqKeySRX	
EXZ008	93	13	76	76	CS Squared	
EXZ008	93	13	77	77	MawnlowerMan	
EXZ008	93	13	78	78	Glidiator	
EXZ008	93	13	79	79	Spit Synthie	
EXZ008	93	13	80	80	Raver One	
EXZ008	93	13	81	81	Slop-a-ramaS	
EXZ008	93	13	82	82	Big PWM SRX	
EXZ008	93	13	83	83	WavesyncSRX	
EXZ008	93	13	84	84	T8 Sync SRX	
EXZ008	93	13	85	85	SyncRush SRX	
EXZ008	93	13	86	86	DreaminOfJMJ	
EXZ008	93	13	87	87	Arp Saws SRX	
EXZ008	93	13	88	88	QuixelateSRX	
EXZ008	93	13	89	89	SpikedChzSRX	
EXZ008	93	13	90	90	Planet-S SRX	
EXZ008	93	13	91	91	Iceburg	
EXZ008	93	13	92	92	Old,Warm OBX	
EXZ008	93	13	93	93	Poly 3osc SH	
EXZ008	93	13	94	94	PortaSyn SRX	
EXZ008	93	13	95	95	RazrVCOs SRX	
EXZ008	93	13	96	96	Medusa SRX	
EXZ008	93	13	97	97	PhazeNRG SRX	
EXZ008	93	13	98	98	Build-Up SRX	
EXZ008	93	13	99	99	WavetableSRX	
EXZ008	93	13	100	100	DigiChoirSRX	
EXZ008	93	13	101	101	Rezidue SRX	
EXZ008	93	13	102	102	Combing SRX	
EXZ008	93	13	103	103	PhzslopadSRX	
EXZ008	93	13	104	104	OBThickPdSRX	
EXZ008	93	13	105	105	OBSftPad SRX	
EXZ008	93	13	106	106	RealStrSynth	
EXZ008	93	13	107	107	Rezonant Ens	
EXZ008	93	13	108	108	PG Phaser	
EXZ008	93	13	109	109	Odsynth	
EXZ008	93	13	110	110	Liquid Lunch	
EXZ008	93	13	111	111	JP SquPadSRX	
EXZ008	93	13	112	112	Chewy Pad	
EXZ008	93	13	113	113	Hollow SRX	
EXZ008	93	13	114	114	Too Heaven	
EXZ008	93	13	115	115	Slow 3D Vox	
EXZ008	93	13	116	116	JP Spirit	
EXZ008	93	13	117	117	Classic OB	
EXZ008	93	13	118	118	Aulophony	
EXZ008	93	13	119	119	Dark Shadow	
EXZ008	93	13	120	120	Drawning Pad	
EXZ008	93	13	121	121	Sawed String	
EXZ008	93	13	122	122	R.I.P.	
EXZ008	93	13	123	123	K World	
EXZ008	93	13	124	124	CanyonDreams	
EXZ008	93	13	125	125	Mysterioso	
EXZ008	93	13	126	126	S/HTexturSRX	
EXZ008	93	13	127	127	VP-330ChrSRX	
EXZ008	93	13	128	128	Mellorkestra	
EXZ008	93	14	1	1	Tron Mass	
EXZ008	93	14	2	2	PreSampleVox	
EXZ008	93	14	3	3	Gamma Girls	
EXZ008	93	14	4	4	Lo-Tek Choir	
EXZ008	93	14	5	5	Tron Vox SRX	
EXZ008	93	14	6	6	Vox JX8P SRX	
EXZ008	93	14	7	7	VP303 Arpeg	
EXZ008	93	14	8	8	Pursuit 90	
EXZ008	93	14	9	9	Arcade 132	
EXZ008	93	14	10	10	SeventhHeavn	
EXZ008	93	14	11	11	TrollDrummin	
EXZ008	93	14	12	12	Chem Burn120	
EXZ008	93	14	13	13	Rockshow 126	
EXZ008	93	14	14	14	T-Pop 132	
EXZ008	93	14	15	15	Valentine 76	
EXZ008	93	14	16	16	Nocturne	
EXZ008	93	14	17	17	Cool At 102	
EXZ008	93	14	18	18	Circuit 112	
EXZ008	93	14	19	19	Hurt 90	
EXZ008	93	14	20	20	Orleans 90	
EXZ008	93	14	21	21	FunkyDrummer	
EXZ008	93	14	22	22	Circuit 90	
EXZ009	93	3	1	1	Epic Strings	
EXZ009	93	3	2	2	sfz! Crsc/sw	
EXZ009	93	3	3	3	Trem/sw Fine	
EXZ009	93	3	4	4	Fast Stac/sw	
EXZ009	93	3	5	5	Str Attack	
EXZ009	93	3	6	6	Full Pizz mp	
EXZ009	93	3	7	7	Violins ^/sw	
EXZ009	93	3	8	8	Violas ^/sw	
EXZ009	93	3	9	9	Celli  ^/sw	
EXZ009	93	3	10	10	Basses ^/sw	
EXZ009	93	3	11	11	Fast Section	
EXZ009	93	3	12	12	F.Str  ^/sw	
EXZ009	93	3	13	13	SymphStrings	
EXZ009	93	3	14	14	SymphStrngs2	
EXZ009	93	3	15	15	Vibrato /Aft	
EXZ009	93	3	16	16	Expressimo	
EXZ009	93	3	17	17	Spc release	
EXZ009	93	3	18	18	Hall Strings	
EXZ009	93	3	19	19	Warm Section	
EXZ009	93	3	20	20	4Section ^	
EXZ009	93	3	21	21	4Section Vib	
EXZ009	93	3	22	22	Sad Strings2	
EXZ009	93	3	23	23	Pizz&ArcSplt	
EXZ009	93	3	24	24	So Swell	
EXZ009	93	3	25	25	Full Section	
EXZ009	93	3	26	26	Vibrato /sw	
EXZ009	93	3	27	27	Octave ^	
EXZ009	93	3	28	28	Full Sect 2	
EXZ009	93	3	29	29	Attack Sect	
EXZ009	93	3	30	30	Velo Strings	
EXZ009	93	3	31	31	Full Tremolo	
EXZ009	93	3	32	32	Trem Decresc	
EXZ009	93	3	33	33	Tension Trem	
EXZ009	93	3	34	34	F.StrTrm/Mrc	
EXZ009	93	3	35	35	F.Str Trm/sw	
EXZ009	93	3	36	36	Trm /Mod&Aft	
EXZ009	93	3	37	37	F.Str/ModTrm	
EXZ009	93	3	38	38	Spc Marc /sw	
EXZ009	93	3	39	39	WarmStaccSec	
EXZ009	93	3	40	40	StackNirvana	
EXZ009	93	3	41	41	Spc Sect.8va	
EXZ009	93	3	42	42	Spc-Mrc /sw	
EXZ009	93	3	43	43	Mrc-Spc /sw	
EXZ009	93	3	44	44	Full Spc /sw	
EXZ009	93	3	45	45	Marc & Pizz	
EXZ009	93	3	46	46	PizzL+SpiccR	
EXZ009	93	3	47	47	Pizz Sect	
EXZ009	93	3	48	48	Full Pizz pp	
EXZ009	93	3	49	49	Full Pizz ff	
EXZ009	93	3	50	50	4Sect. Pz ff	
EXZ009	93	3	51	51	Double Pizz	
EXZ009	93	3	52	52	sfz! Vln /sw	
EXZ009	93	3	53	53	Violin Sect1	
EXZ009	93	3	54	54	Violin Sect2	
EXZ009	93	3	55	55	Violin Sect3	
EXZ009	93	3	56	56	Warm Vln Sec	
EXZ009	93	3	57	57	GrandVln&Vcs	
EXZ009	93	3	58	58	Vln Sect mp	
EXZ009	93	3	59	59	Slow Atk Vln	
EXZ009	93	3	60	60	Vln/Mod Pizz	
EXZ009	93	3	61	61	Vln  Stc/Mrc	
EXZ009	93	3	62	62	Vn Piz/Spcff	
EXZ009	93	3	63	63	Vln Marcato	
EXZ009	93	3	64	64	Vln Pizz /sw	
EXZ009	93	3	65	65	sfz! Va /sw	
EXZ009	93	3	66	66	Viola Sect 1	
EXZ009	93	3	67	67	Viola Sect 2	
EXZ009	93	3	68	68	Va  Stc/Mrc	
EXZ009	93	3	69	69	Va /Mod Pizz	
EXZ009	93	3	70	70	Va Marcato	
EXZ009	93	3	71	71	Va Pizz /sw	
EXZ009	93	3	72	72	sfz! Vc /sw	
EXZ009	93	3	73	73	Cello Sect 1	
EXZ009	93	3	74	74	Cello Sect 2	
EXZ009	93	3	75	75	Warm Vc Sect	
EXZ009	93	3	76	76	Vc Pizz /sw	
EXZ009	93	3	77	77	Vc /Mod Pizz	
EXZ009	93	3	78	78	Vc Marcato	
EXZ009	93	3	79	79	Vc  Stc/Mrc	
EXZ009	93	3	80	80	Vc Piz/Spcff	
EXZ009	93	3	81	81	sfz! Cb /sw	
EXZ009	93	3	82	82	Cb /Mod Pizz	
EXZ009	93	3	83	83	Bass Sect 1	
EXZ009	93	3	84	84	Cbs Marcato	
EXZ009	93	3	85	85	Cbs  Stc/Mrc	
EXZ009	93	3	86	86	Cbs Pizz /sw	
EXZ009	93	3	87	87	Symphonique2	
EXZ009	93	3	88	88	Soundtrk Str	
EXZ009	93	3	89	89	LargeStrings	
EXZ009	93	3	90	90	Slow Atk Str	
EXZ009	93	3	91	91	LushStrings2	
EXZ009	93	3	92	92	Pop Strings	
EXZ009	93	3	93	93	102 Violins	
EXZ009	93	3	94	94	MultiStakato	
EXZ009	93	3	95	95	Spicatto Arp	
EXZ009	93	3	96	96	Dim. Pizz	
EXZ009	93	3	97	97	RhythmicPizz	
EXZ009	93	3	98	98	Harp StrPad	
EXZ009	93	3	99	99	Trem-Guitar	
EXZ009	93	3	100	100	Baroque Ens2	
EXZ009	93	3	101	101	ImitatEP Pad	
EXZ009	93	3	102	102	Daybreak Ens	
EXZ009	93	3	103	103	Grand Unison	
EXZ009	93	3	104	104	Va Sect&Glkn	
EXZ009	93	3	105	105	SRX Symphony	
EXZ009	93	3	106	106	XV Orchestra	
EXZ009	93	3	107	107	Full Orch 1	
EXZ009	93	3	108	108	Orc with Str	
EXZ009	93	3	109	109	Symphnic Orc	
EXZ009	93	3	110	110	Strings&Hrns	
EXZ009	93	3	111	111	Strgs&Hrns 2	
EXZ009	93	3	112	112	Octa StrEns	
EXZ009	93	3	113	113	Antique Str	
EXZ009	93	3	114	114	SweepSectStr	
EXZ009	93	3	115	115	Stereo Tron!	
EXZ009	93	3	116	116	Horror Str.	
EXZ009	93	3	117	117	DanzSurround	
EXZ009	93	3	118	118	Ether Strngs	
EXZ009	93	3	119	119	MoveFX Str	
EXZ009	93	3	120	120	Phase /Aft	
EXZ009	93	3	121	121	PhazeStrngs2	
EXZ009	93	3	122	122	Reverse Str2	
EXZ009	93	3	123	123	Haunted	
EXZ009	93	3	124	124	Rewind Vln	
EXZ009	93	3	125	125	Synthy Sweep	
EXZ009	93	3	126	126	Ripple	
EXZ009	93	3	127	127	Mystery 2	
EXZ009	93	3	128	128	Rising STR	
EXZ010	93	23	1	1	Pop Brs Sect	
EXZ010	93	23	2	2	Pop Brs Stac	
EXZ010	93	23	3	3	Pop Brs Fall	
EXZ010	93	23	4	4	Trumpet Sect	
EXZ010	93	23	5	5	Tp Sect Stac	
EXZ010	93	23	6	6	Tp Sect Doit	
EXZ010	93	23	7	7	Mute Tp Sect	
EXZ010	93	23	8	8	MtTpSect Stc	
EXZ010	93	23	9	9	C Tp Section	
EXZ010	93	23	10	10	C TpSect Stc	
EXZ010	93	23	11	11	C TpSect Tri	
EXZ010	93	23	12	12	TromboneSect	
EXZ010	93	23	13	13	Tb Sect Stac	
EXZ010	93	23	14	14	Tb Sect Fall	
EXZ010	93	23	15	15	Horn Section	
EXZ010	93	23	16	16	HornSect Stc	
EXZ010	93	23	17	17	HornSect Rip	
EXZ010	93	23	18	18	Tuba /	
EXZ010	93	23	19	19	Tuba Stacc	
EXZ010	93	23	20	20	Mezzo Pop	
EXZ010	93	23	21	21	Mezzo Pop WS	
EXZ010	93	23	22	22	DynaBrass  M	
EXZ010	93	23	23	23	Smooth Brass	
EXZ010	93	23	24	24	Oct PopBrass	
EXZ010	93	23	25	25	PopBrass Sfz	
EXZ010	93	23	26	26	Stac PopSect	
EXZ010	93	23	27	27	PopBrs ShtFl	
EXZ010	93	23	28	28	PopBrs LngFl	
EXZ010	93	23	29	29	PopBrass Rip	
EXZ010	93	23	30	30	PopBrs /Fl 1	
EXZ010	93	23	31	31	PopBrs /Fl 2	
EXZ010	93	23	32	32	ShortBrs /Fl	
EXZ010	93	23	33	33	Smooth Tps	
EXZ010	93	23	34	34	Tpt Section	
EXZ010	93	23	35	35	Tpt Sect WS	
EXZ010	93	23	36	36	Tpt Sect M	
EXZ010	93	23	37	37	Mild Tp Sect	
EXZ010	93	23	38	38	Tp Sect Sfz	
EXZ010	93	23	39	39	Tp Sect Fall	
EXZ010	93	23	40	40	TpSect RipFl	
EXZ010	93	23	41	41	TpSect RipCp	
EXZ010	93	23	42	42	TpSect Shake	
EXZ010	93	23	43	43	Trumpets /Fl	
EXZ010	93	23	44	44	Trumpts/Shak	
EXZ010	93	23	45	45	Trumpts/Doit	
EXZ010	93	23	46	46	ShortTps /Fl	
EXZ010	93	23	47	47	..the Ripper	
EXZ010	93	23	48	48	Don't Doit!	
EXZ010	93	23	49	49	MuteTpSect S	
EXZ010	93	23	50	50	MuteTpSect M	
EXZ010	93	23	51	51	Mild MuteTps	
EXZ010	93	23	52	52	Smooth C-Tps	
EXZ010	93	23	53	53	C-Tps w/Vib	
EXZ010	93	23	54	54	C-Tp Sect	
EXZ010	93	23	55	55	C-Tp Sect WS	
EXZ010	93	23	56	56	C-Tp Sect M	
EXZ010	93	23	57	57	Mild CTpSect	
EXZ010	93	23	58	58	CTp Sect Sfz	
EXZ010	93	23	59	59	Tripoli	
EXZ010	93	23	60	60	Mainly Stacc	
EXZ010	93	23	61	61	C Tpts /Trit	
EXZ010	93	23	62	62	Smooth Tbs	
EXZ010	93	23	63	63	Mild Tb Sect	
EXZ010	93	23	64	64	Tb Sect	
EXZ010	93	23	65	65	Tb Sect WS	
EXZ010	93	23	66	66	Tb Sect M	
EXZ010	93	23	67	67	Tb Sect Sfz	
EXZ010	93	23	68	68	Tb Sect Rip	
EXZ010	93	23	69	69	Tb Sect /Fl	
EXZ010	93	23	70	70	ShortTbs /Fl	
EXZ010	93	23	71	71	ToodleAction	
EXZ010	93	23	72	72	Smooth Horns	
EXZ010	93	23	73	73	Horn Sect	
EXZ010	93	23	74	74	Horn Sect WS	
EXZ010	93	23	75	75	Horn Sect M	
EXZ010	93	23	76	76	EmotiveHorns	
EXZ010	93	23	77	77	Mild Horns	
EXZ010	93	23	78	78	HornSect Sfz	
EXZ010	93	23	79	79	HornSect/Rip	
EXZ010	93	23	80	80	HornSwitcher	
EXZ010	93	23	81	81	Mild Tuba	
EXZ010	93	23	82	82	Tuba Sect WS	
EXZ010	93	23	83	83	Tuba Sect M	
EXZ010	93	23	84	84	TubaSwitchOn	
EXZ010	93	23	85	85	Tp+Tb Sect /	
EXZ010	93	23	86	86	CTp+Tb Sect/	
EXZ010	93	23	87	87	LOUD OK?!	
EXZ010	93	23	88	88	Hey You Mute	
EXZ010	93	23	89	89	FullOnBrass	
EXZ010	93	23	90	90	Blend Brass	
EXZ010	93	23	91	91	LR Mix Stacc	
EXZ010	93	23	92	92	Warm Tp Sect	
EXZ010	93	23	93	93	Dyna Section	
EXZ010	93	23	94	94	Warm Horns	
EXZ010	93	23	95	95	Schizo Brass	
EXZ010	93	23	96	96	Don't hit me	
EXZ010	93	23	97	97	DiminerBrass	
EXZ010	93	23	98	98	Wild Niner	
EXZ010	93	23	99	99	Mid Thirties	
EXZ010	93	23	100	100	BrsStac Echo	
EXZ011	93	26	1	1	Pure EP1	
EXZ011	93	26	2	2	Lo-Fi EP1	
EXZ011	93	26	3	3	Pure EP2	
EXZ011	93	26	4	4	Phaser EP1	
EXZ011	93	26	5	5	Soft Wurly	
EXZ011	93	26	6	6	Pure Wurly	
EXZ011	93	26	7	7	Pure Clav DB	
EXZ011	93	26	8	8	Pure Clav CB	
EXZ011	93	26	9	9	PhaseClav CB	
EXZ011	93	26	10	10	Wah Clav CB	
EXZ011	93	26	11	11	Comp Clav CB	
EXZ011	93	26	12	12	PureClavMtCB	
EXZ011	93	26	13	13	St.Trem EP1	
EXZ011	93	26	14	14	St.Trem EP2	
EXZ011	93	26	15	15	Chorus Wurly	
EXZ011	93	26	16	16	Chorus EP1	
EXZ011	93	26	17	17	Chorus EP2	
EXZ011	93	26	18	18	Dp-Cho EP1	
EXZ011	93	26	19	19	Dp-Cho EP2	
EXZ011	93	26	20	20	Soft EP1	
EXZ011	93	26	21	21	Soft EP2	
EXZ011	93	26	22	22	Phase Wurly	
EXZ011	93	26	23	23	Hard EP1	
EXZ011	93	26	24	24	Moving EP1	
EXZ011	93	26	25	25	EP1 w/FM	
EXZ011	93	26	26	26	EP1 w/VOX	
EXZ011	93	26	27	27	EP1 w/STR	
EXZ011	93	26	28	28	EP1 w/PAD	
EXZ011	93	26	29	29	Flanger EP1	
EXZ011	93	26	30	30	Flanger EP2	
EXZ011	93	26	31	31	FlangerWurly	
EXZ011	93	26	32	32	Melodic EP1	
EXZ011	93	26	33	33	Amped EP1	
EXZ011	93	26	34	34	Amped EP2	
EXZ011	93	26	35	35	Lo-Fi EP2	
EXZ011	93	26	36	36	Lo-Fi Wurly	
EXZ011	93	26	37	37	ModDly EP1	
EXZ011	93	26	38	38	ModDly EP2	
EXZ011	93	26	39	39	Dual EP1	
EXZ011	93	26	40	40	Dual Wurly	
EXZ011	93	26	41	41	Enhance Clav	
EXZ011	93	26	42	42	Peaking Clav	
EXZ011	93	26	43	43	Dual Clav DB	
EXZ011	93	26	44	44	Dual Clav DA	
EXZ011	93	26	45	45	Dual Clav CB	
EXZ011	93	26	46	46	Dual Clav CA	
EXZ011	93	26	47	47	DualClavMtDB	
EXZ011	93	26	48	48	DualClavMtCB	
EXZ011	93	26	49	49	PhaseClav DB	
EXZ011	93	26	50	50	PhaseClvMtCB	
EXZ012	93	15	1	1	Smash Beat	
EXZ012	93	15	2	2	SawPortaLead	
EXZ012	93	15	3	3	Pure Bass	
EXZ012	93	15	4	4	Masssive	
EXZ012	93	15	5	5	Trance Line1	
EXZ012	93	15	6	6	Subtle Pads	
EXZ012	93	15	7	7	Look Back	
EXZ012	93	15	8	8	Hit&FX Menu	
EXZ012	93	15	9	9	Crowd 84	
EXZ012	93	15	10	10	Hop Chop SRX	
EXZ012	93	15	11	11	Scream! SRX	
EXZ012	93	15	12	12	1978 116BPM	
EXZ012	93	15	13	13	X-Tronic SRX	
EXZ012	93	15	14	14	Trans SRX	
EXZ012	93	15	15	15	AcidRiff 125	
EXZ012	93	15	16	16	FullHous SRX	
EXZ012	93	15	17	17	Funk E 125	
EXZ012	93	15	18	18	Le Punk 125	
EXZ012	93	15	19	19	TekOp SRX	
EXZ012	93	15	20	20	Blitzkrieg	
EXZ012	93	15	21	21	UndrTheStair	
EXZ012	93	15	22	22	BAD 88	
EXZ012	93	15	23	23	Mon 90	
EXZ012	93	15	24	24	McSick 90	
EXZ012	93	15	25	25	Blvd 96	
EXZ012	93	15	26	26	iROBOT 120	
EXZ012	93	15	27	27	Haiti 120	
EXZ012	93	15	28	28	Hiphouse 125	
EXZ012	93	15	29	29	OW! 125	
EXZ012	93	15	30	30	CHI 125	
EXZ012	93	15	31	31	Miami 125	
EXZ012	93	15	32	32	ObsessionSRX	
EXZ012	93	15	33	33	PJ 144	
EXZ012	93	15	34	34	Aerosol Can	
EXZ012	93	15	35	35	Triggroove	
EXZ012	93	15	36	36	De Final CUT	
EXZ012	93	15	37	37	Chemiclspill	
EXZ012	93	15	38	38	Cubit Dance	
EXZ012	93	15	39	39	Multi Level	
EXZ012	93	15	40	40	Random Beat	
EXZ012	93	15	41	41	Sonic Beat	
EXZ012	93	15	42	42	Cyclone 125	
EXZ012	93	15	43	43	Electrolux	
EXZ012	93	15	44	44	Tricky Beat	
EXZ012	93	15	45	45	Windmill 132	
EXZ012	93	15	46	46	Time Pulse	
EXZ012	93	15	47	47	TrainAComin	
EXZ012	93	15	48	48	House Rules	
EXZ012	93	15	49	49	YankyDoodlDo	
EXZ012	93	15	50	50	DnB SRX	
EXZ012	93	15	51	51	Beat Menu 1	
EXZ012	93	15	52	52	Beat Menu 2	
EXZ012	93	15	53	53	TarzanBottom	
EXZ012	93	15	54	54	Subporter	
EXZ012	93	15	55	55	Subsonics	
EXZ012	93	15	56	56	Sub Bass	
EXZ012	93	15	57	57	HiLo303/Mod	
EXZ012	93	15	58	58	Bass Ment 1	
EXZ012	93	15	59	59	Bass Ment 2	
EXZ012	93	15	60	60	TB SawBs SRX	
EXZ012	93	15	61	61	TB OwBs SRX	
EXZ012	93	15	62	62	Acidic Testz	
EXZ012	93	15	63	63	Talk Bass	
EXZ012	93	15	64	64	VocoBass SRX	
EXZ012	93	15	65	65	Massive Bass	
EXZ012	93	15	66	66	TB Sqr SRX	
EXZ012	93	15	67	67	SQR Reso Bs	
EXZ012	93	15	68	68	SH-5 Synbass	
EXZ012	93	15	69	69	Juno Bs SRX	
EXZ012	93	15	70	70	SlippyBs SRX	
EXZ012	93	15	71	71	Arrpy Bs SRX	
EXZ012	93	15	72	72	TB / SRX	
EXZ012	93	15	73	73	TB-notTB SRX	
EXZ012	93	15	74	74	Si<n>ck Bass	
EXZ012	93	15	75	75	Deep Fat Bas	
EXZ012	93	15	76	76	7 bit bass	
EXZ012	93	15	77	77	DistortObass	
EXZ012	93	15	78	78	Double Bass	
EXZ012	93	15	79	79	Killer Bass	
EXZ012	93	15	80	80	Dancer Bass	
EXZ012	93	15	81	81	Rave Bass	
EXZ012	93	15	82	82	Big Bad Bass	
EXZ012	93	15	83	83	Fat FM Bass	
EXZ012	93	15	84	84	JackYourBody	
EXZ012	93	15	85	85	Solid Bs SRX	
EXZ012	93	15	86	86	Thick Bass	
EXZ012	93	15	87	87	Deep Bass 2	
EXZ012	93	15	88	88	Bassamatazz	
EXZ012	93	15	89	89	Juno 6 Bass	
EXZ012	93	15	90	90	Da JuBs SRX	
EXZ012	93	15	91	91	Fizzle Bass	
EXZ012	93	15	92	92	Ringin` bass	
EXZ012	93	15	93	93	No Rez 4 You	
EXZ012	93	15	94	94	Boomer	
EXZ012	93	15	95	95	OrgAtk Bass	
EXZ012	93	15	96	96	WahBassMod X	
EXZ012	93	15	97	97	LFO SqrBass	
EXZ012	93	15	98	98	FallBend Bs	
EXZ012	93	15	99	99	Hocket Bass	
EXZ012	93	15	100	100	FatBs / SRX	
EXZ012	93	15	101	101	LoFi A.BsSRX	
EXZ012	93	15	102	102	ProcesBs SRX	
EXZ012	93	15	103	103	Solo flight	
EXZ012	93	15	104	104	Euro mix SRX	
EXZ012	93	15	105	105	Nitty Gritty	
EXZ012	93	15	106	106	Alias Lead	
EXZ012	93	15	107	107	Old Fi	
EXZ012	93	15	108	108	Dist-O-Matic	
EXZ012	93	15	109	109	Lead Dirt	
EXZ012	93	15	110	110	RetroRave	
EXZ012	93	15	111	111	Skreech Lead	
EXZ012	93	15	112	112	Outrage	
EXZ012	93	15	113	113	HipassTB SRX	
EXZ012	93	15	114	114	TB Squared	
EXZ012	93	15	115	115	TB Saw	
EXZ012	93	15	116	116	DistortedSaw	
EXZ012	93	15	117	117	Nail Driver	
EXZ012	93	15	118	118	Nasty 303	
EXZ012	93	15	119	119	Dance Baby	
EXZ012	93	15	120	120	5th Rave	
EXZ012	93	15	121	121	Auto 101	
EXZ012	93	15	122	122	Sine me in	
EXZ012	93	15	123	123	SoloSin SRX1	
EXZ012	93	15	124	124	SoloSin SRX2	
EXZ012	93	15	125	125	Piccolo solo	
EXZ012	93	15	126	126	Ana Flt SRX	
EXZ012	93	15	127	127	JUResLd SRX1	
EXZ012	93	15	128	128	Med Solo SRX	
EXZ012	93	16	1	1	3D Lead	
EXZ012	93	16	2	2	JUResLd SRX2	
EXZ012	93	16	3	3	Gringeley	
EXZ012	93	16	4	4	EuroSteroidz	
EXZ012	93	16	5	5	Operator	
EXZ012	93	16	6	6	NeverStopRvn	
EXZ012	93	16	7	7	TheSteamRoks	
EXZ012	93	16	8	8	TechnoAttack	
EXZ012	93	16	9	9	Formantz	
EXZ012	93	16	10	10	SRX Talker	
EXZ012	93	16	11	11	Nanite Pops	
EXZ012	93	16	12	12	TechnoAmbint	
EXZ012	93	16	13	13	Ringywig	
EXZ012	93	16	14	14	OrganOran	
EXZ012	93	16	15	15	Piddlee-Dee	
EXZ012	93	16	16	16	Cool Beam	
EXZ012	93	16	17	17	First Synth	
EXZ012	93	16	18	18	Santaz House	
EXZ012	93	16	19	19	Sub Melodic	
EXZ012	93	16	20	20	Chime Blocks	
EXZ012	93	16	21	21	Chordon Bleu	
EXZ012	93	16	22	22	PhenomenaSRX	
EXZ012	93	16	23	23	Club Hit	
EXZ012	93	16	24	24	ChrdMaj7 SRX	
EXZ012	93	16	25	25	ChrdMin7 SRX	
EXZ012	93	16	26	26	MetroPoly	
EXZ012	93	16	27	27	Lava Flow	
EXZ012	93	16	28	28	Nautilus	
EXZ012	93	16	29	29	Sliced Bread	
EXZ012	93	16	30	30	Time Machine	
EXZ012	93	16	31	31	Ana Logic	
EXZ012	93	16	32	32	Bass & More	
EXZ012	93	16	33	33	In The Lab	
EXZ012	93	16	34	34	Galaxia	
EXZ012	93	16	35	35	Charmer	
EXZ012	93	16	36	36	BrainWaveSRX	
EXZ012	93	16	37	37	Replicants	
EXZ012	93	16	38	38	Speak Delay	
EXZ012	93	16	39	39	Location	
EXZ012	93	16	40	40	Cyber SRX	
EXZ012	93	16	41	41	EtheraltySRX	
EXZ012	93	16	42	42	UpperStepper	
EXZ012	93	16	43	43	Starlite XV	
EXZ012	93	16	44	44	Trance Line2	
EXZ012	93	16	45	45	Eurosynth	
EXZ012	93	16	46	46	Fat JP	
EXZ012	93	16	47	47	EuroDnc SRX1	
EXZ012	93	16	48	48	EuroDnc SRX2	
EXZ012	93	16	49	49	XpressiveSRX	
EXZ012	93	16	50	50	Organ-ized	
EXZ012	93	16	51	51	Juno Pluck	
EXZ012	93	16	52	52	Juno Plucked	
EXZ012	93	16	53	53	Intense Vibe	
EXZ012	93	16	54	54	Intense Euro	
EXZ012	93	16	55	55	Generation e	
EXZ012	93	16	56	56	NewSkool 70s	
EXZ012	93	16	57	57	SyncDiffrent	
EXZ012	93	16	58	58	FM Ringer	
EXZ012	93	16	59	59	Live at 5	
EXZ012	93	16	60	60	Octo	
EXZ012	93	16	61	61	Alpha Fizz	
EXZ012	93	16	62	62	FunkyJunoHrp	
EXZ012	93	16	63	63	Steel Piano	
EXZ012	93	16	64	64	Velorez 8000	
EXZ012	93	16	65	65	JU Keys SRX	
EXZ012	93	16	66	66	Euronal Syn	
EXZ012	93	16	67	67	Daft	
EXZ012	93	16	68	68	Neurotic Syn	
EXZ012	93	16	69	69	Deep Forest	
EXZ012	93	16	70	70	Pip Square	
EXZ012	93	16	71	71	Funky Pluck	
EXZ012	93	16	72	72	Tight TB	
EXZ012	93	16	73	73	Saw Yr Point	
EXZ012	93	16	74	74	Shortsawz	
EXZ012	93	16	75	75	Tropical Syn	
EXZ012	93	16	76	76	JU Pluck SRX	
EXZ012	93	16	77	77	TB AtkDst	
EXZ012	93	16	78	78	Amber	
EXZ012	93	16	79	79	Vox Switcher	
EXZ012	93	16	80	80	Juno Strings	
EXZ012	93	16	81	81	DetuneSawStr	
EXZ012	93	16	82	82	Wavebreaker	
EXZ012	93	16	83	83	Vintage Pad	
EXZ012	93	16	84	84	Glitz	
EXZ012	93	16	85	85	Discrete	
EXZ012	93	16	86	86	VntageRevSRX	
EXZ012	93	16	87	87	Explore SRX	
EXZ012	93	16	88	88	AfterPad SRX	
EXZ012	93	16	89	89	Euro Strings	
EXZ012	93	16	90	90	Powder	
EXZ012	93	16	91	91	JU&JP PhsSRX	
EXZ012	93	16	92	92	Lost In Time	
EXZ012	93	16	93	93	Dreames SRX	
EXZ012	93	16	94	94	TV Drama	
EXZ012	93	16	95	95	WarmerPd SRX	
EXZ012	93	16	96	96	SoftStrngSRX	
EXZ012	93	16	97	97	AlphaWavePad	
EXZ012	93	16	98	98	LitleDowners	
EXZ012	93	16	99	99	Alien Life	
EXZ012	93	16	100	100	Prey 160	
EXZ012	93	16	101	101	TuneBrethSRX	
EXZ012	93	16	102	102	Sonic Saucer	
EXZ012	93	16	103	103	Revolution#9	
EXZ012	93	16	104	104	Big Bang *	
EXZ012	93	16	105	105	South Sahara	
EXZ012	93	16	106	106	AlternSawSRX	
EXZ012	93	16	107	107	ElctroJamSRX	
EXZ012	93	16	108	108	Zaps	
EXZ012	93	16	109	109	B-Movie	
EXZ012	93	16	110	110	ScientistSRX	
EXZ012	93	16	111	111	Siren	
EXZ012	93	16	112	112	Sliderz SRX	
EXZ012	93	16	113	113	Iron Hit SRX	
EXZ012	93	16	114	114	DrumMeltDown	
EXZ012	93	16	115	115	TR Synhit	
EXZ012	93	16	116	116	Pit People	
EXZ012	93	16	117	117	Mad RHyThM	
EXZ012	93	16	118	118	DJ stuff SRX	
EXZ012	93	16	119	119	Skratchy SRX	
EXZ012	93	16	120	120	RadioBrekSRX	
EXZ012	93	16	121	121	Faze Gt&Bass	
EXZ012	93	16	122	122	Hse Stb 125	
EXZ012	93	16	123	123	Full Force	
EXZ012	93	16	124	124	Soho Clubs	
EXZ012	93	16	125	125	GarageChdSRX	
EXZ012	93	16	126	126	Crap Stab	
EXZ012	93	16	127	127	2am-11am	
EXZ012	93	16	128	128	Hit&Run SRX	
EXZ012	93	17	1	1	HIT in face	
EXZ012	93	17	2	2	LoFiHits SRX	
EXZ012	93	17	3	3	Next Stab	
EXZ012	93	17	4	4	Brazzer LoFi	
EXZ012	93	17	5	5	Big Stab SRX	
EXZ012	93	17	6	6	30's Tpt SRX	
EXZ012	93	17	7	7	BrsFall SRX	
EXZ012	93	17	8	8	Tribal Disco	
EXZ012	93	17	9	9	DiscoStr Hit	
EXZ012	93	17	10	10	Cwisp SRX	
EXZ012	93	17	11	11	NYC Club SRX	
EXZ012	93	17	12	12	Tape Stops	
EXZ012	93	17	13	13	LoFi Subsine	
EXZ012	93	17	14	14	Maj/Min /	
EXZ012	93	17	15	15	Techno Logic	
EXZ012	93	17	16	16	Keep Clubing	
EXZ012	93	17	17	17	Techno Riff1	
EXZ012	93	17	18	18	MySweetHouse	
EXZ012	93	17	19	19	LateNiteTunz	
EXZ012	93	17	20	20	Moody Vibes	
EXZ012	93	17	21	21	Exit 2	
EXZ012	93	17	22	22	Massive	
EXZ012	93	17	23	23	Techno Riff2	
EXZ012	93	17	24	24	Meteor Pelt	
EXZ012	93	17	25	25	China White	
EXZ012	93	17	26	26	NewTech D&B	
EXZ012	93	17	27	27	Tribal Steel	
EXZ012	93	17	28	28	Tech Pno SRX	
EXZ012	93	17	29	29	LightPno SRX	
EXZ012	93	17	30	30	90s Pno SRX	
EXZ012	93	17	31	31	1FingrPnoSRX	
EXZ012	93	17	32	32	Pf/Key Menu	
EXZ012	93	17	33	33	Substitute	
EXZ012	93	17	34	34	HiphopEP SRX	
EXZ012	93	17	35	35	Assembled	
EXZ012	93	17	36	36	MelowTremSRX	
EXZ012	93	17	37	37	Echo EP SRX	
EXZ012	93	17	38	38	77GaragesSRX	
EXZ012	93	17	39	39	Wurlpool	
EXZ012	93	17	40	40	Lo Fi Wurli	
EXZ012	93	17	41	41	Dance Organ	
EXZ012	93	17	42	42	Juno Org SRX	
EXZ012	93	17	43	43	Clubed Organ	
EXZ012	93	17	44	44	Pop B	
EXZ012	93	17	45	45	Vel Syn Org	
EXZ012	93	17	46	46	SpenderOrgan	
EXZ012	93	17	47	47	Tines&Wheels	
EXZ012	93	17	48	48	Thick Organ	
EXZ012	93	17	49	49	1FingrOrgSRX	
EXZ012	93	17	50	50	Shorty Organ	
EXZ012	93	17	51	51	1FingrShrOrg	
EXZ012	93	17	52	52	Clav-ClubSRX	
EXZ012	93	17	53	53	DanceClavSRX	
EXZ012	93	17	54	54	AnaBells SRX	
EXZ012	93	17	55	55	Guitar Stuff	
EXZ012	93	17	56	56	WahWahMelSRX	
EXZ012	93	17	57	57	GTRPowerSRX1	
EXZ012	93	17	58	58	GTRPowerSRX2	
EXZ012	93	17	59	59	FakeHead Hit	
EXZ012	93	17	60	60	Distinctive	
EXZ012	93	17	61	61	Gtr&BassMenu	
EXZ012	93	17	62	62	Pizz Xpress	
EXZ012	93	17	63	63	Tek Pizz SRX	
EXZ012	93	17	64	64	Stringy Stab	
EXZ012	93	17	65	65	Analog CS Brass	
EXZ012	93	17	66	66	Fat Brass	
EXZ012	93	17	67	67	Talk Box SRX	
EXZ012	93	17	68	68	TekMusic SRX	
EXZ012	93	17	69	69	1.2.3.4. SRX	
EXZ012	93	17	70	70	1234 x4  SRX	
EXZ012	93	17	71	71	Baby...? SRX	
EXZ012	93	17	72	72	Vox Menu 1	
EXZ012	93	17	73	73	Vox Menu 2	
EXZ012	93	17	74	74	MelodicDrums	
EXZ012	93	17	75	75	Drumpeopled1	
EXZ012	93	17	76	76	Drumpeopled2	
EXZ012	93	17	77	77	Drumpeopled3	
EXZ012	93	17	78	78	KitTek.drmFX	
EXZ012	93	17	79	79	Hardcore Hit	
EXZ012	93	17	80	80	Kick Menu 1	
EXZ012	93	17	81	81	Kick Menu 2	
EXZ012	93	17	82	82	Kick Menu 3	
EXZ012	93	17	83	83	Snare Menu 1	
EXZ012	93	17	84	84	Snare Menu 2	
EXZ012	93	17	85	85	Snare Menu 3	
EXZ012	93	17	86	86	Snare Menu 4	
EXZ012	93	17	87	87	Snare Menu 5	
EXZ012	93	17	88	88	HiHat Menu 1	
EXZ012	93	17	89	89	HiHat Menu 2	
EXZ012	93	17	90	90	HH&Cym Menu	
EXZ012	93	17	91	91	Cymbal Menu	
EXZ012	93	17	92	92	Tom Menu	
EXZ012	93	17	93	93	Clap Menu	
EXZ012	93	17	94	94	808 Chord	
EXZ012	93	17	95	95	808 Conga 3D	
EXZ012	93	17	96	96	Slow Chimes	
EXZ012	93	17	97	97	ExtremPercus	
EXZ012	93	17	98	98	Pure Tribal	
EXZ012	93	17	99	99	TeknoTriangl	
EXZ012	93	17	100	100	Tamb&SkrMenu	
EXZ012	93	17	101	101	Cow&Rim Menu	
EXZ012	93	17	102	102	Perc. Menu 1	
EXZ012	93	17	103	103	Perc. Menu 2	
EXZ012	93	17	104	104	Perc. Menu 3	
EXZ012	93	17	105	105	Perc. Menu 4	
EXZ013	93	1	1	1	PremierGrand	
EXZ013	93	1	2	2	Steady Grand	
EXZ013	93	1	3	3	DynamicGrand	
EXZ013	93	1	4	4	Concert Hall	
EXZ013	93	1	5	5	Bright Grand	
EXZ013	93	1	6	6	Classical	
EXZ013	93	1	7	7	SoftPdlGrand	
EXZ013	93	1	8	8	OnMicPremier	
EXZ013	93	1	9	9	OnMic Bright	
EXZ013	93	1	10	10	OnMicSoftPdl	
EXZ013	93	1	11	11	Premier Mono	
EXZ013	93	1	12	12	Bright Mono	
EXZ013	93	1	13	13	SoftPdl Mono	
EXZ013	93	1	14	14	Mellow Piano	
EXZ013	93	1	15	15	Enhanced Pno	
EXZ013	93	1	16	16	Comp.Piano	
EXZ013	93	1	17	17	HonkytonkPno	
EXZ013	93	1	18	18	NewAgeGrand1	
EXZ013	93	1	19	19	NewAgeGrand2	
EXZ013	93	1	20	20	Requiem	
EXZ013	93	1	21	21	Soundscape	
EXZ013	93	1	22	22	Grand w/Str	
EXZ013	93	1	23	23	Concerto 1	
EXZ013	93	1	24	24	Concerto 2	
EXZ013	93	1	25	25	SoftpadGrand	
EXZ013	93	1	26	26	Synpad Grand	
EXZ013	93	1	27	27	Vox Grand 1	
EXZ013	93	1	28	28	Vox Grand 2	
EXZ013	93	1	29	29	Oohs Piano	
EXZ013	93	1	30	30	Air Grand	
EXZ013	93	1	31	31	GtrPad Grand	
EXZ013	93	1	32	32	PhasePad Pno	
EXZ013	93	1	33	33	HeavenPadPno	
EXZ013	93	1	34	34	Somber Pad	
EXZ013	93	1	35	35	Wet Chorus	
EXZ013	93	1	36	36	Nylon Grand	
EXZ013	93	1	37	37	FM EP Grand	
EXZ013	93	1	38	38	Bell Grand	
EXZ013	93	1	39	39	Bellvox Pno	
EXZ013	93	1	40	40	StackedGrand	
EXZ013	93	1	41	41	Hard Stack 1	
EXZ013	93	1	42	42	Hard Stack 2	
EXZ013	93	1	43	43	PianoBrass	
EXZ013	93	1	44	44	PianoBrs fff	
EXZ013	93	1	45	45	Gig Split 1	
EXZ013	93	1	46	46	Gig Split 2	
EXZ013	93	1	47	47	Gig Split 3	
EXZ013	93	1	48	48	Throb Piano	
EXZ013	93	1	49	49	Feedback Pno	
EXZ013	93	1	50	50	Eastern 5th	
EXZ014	93	24	1	1	Superb Grand	
EXZ014	93	24	2	2	WideStereoGd	
EXZ014	93	24	3	3	ClassicGrand	
EXZ014	93	24	4	4	Rock Grand	
EXZ014	93	24	5	5	Superior Grd	
EXZ014	93	24	6	6	PerfectGrand	
EXZ014	93	24	7	7	SingUsASong	
EXZ014	93	24	8	8	Dynamic Grd	
EXZ014	93	24	9	9	BriteOnStage	
EXZ014	93	24	10	10	BrightPopV/S	
EXZ014	93	24	11	11	Grand P1	
EXZ014	93	24	12	12	BrighterSide	
EXZ014	93	24	13	13	Full Rock pF	
EXZ014	93	24	14	14	Dark Ballad	
EXZ014	93	24	15	15	Grand P2	
EXZ014	93	24	16	16	Darker Side	
EXZ014	93	24	17	17	VelocaverPno	
EXZ014	93	24	18	18	Warm Room pF	
EXZ014	93	24	19	19	AntiqueUprit	
EXZ014	93	24	20	20	SuperiorMono	
EXZ014	93	24	21	21	Ragtime Gd	
EXZ014	93	24	22	22	Gnu House pF	
EXZ014	93	24	23	23	Archive Pno	
EXZ014	93	24	24	24	Lil' Takker	
EXZ014	93	24	25	25	Grand n Str	
EXZ014	93	24	26	26	Superior Str	
EXZ014	93	24	27	27	Sad Farewell	
EXZ014	93	24	28	28	Mixed Layer	
EXZ014	93	24	29	29	SuperiorPd1	
EXZ014	93	24	30	30	SuperiorPd2	
EXZ014	93	24	31	31	First Star	
EXZ014	93	24	32	32	New Age Layr	
EXZ014	93	24	33	33	Deep Breath	
EXZ014	93	24	34	34	Mc Reverse	
EXZ014	93	24	35	35	Meditate	
EXZ014	93	24	36	36	Penta Duo	
EXZ014	93	24	37	37	D-lightful	
EXZ014	93	24	38	38	Custom Clav	
EXZ014	93	24	39	39	Barococo	
EXZ014	93	24	40	40	Pianolins	
EXZ014	93	24	41	41	RandoMeistro	
EXZ014	93	24	42	42	Spooky Dimin	
EXZ015	93	27	1	1	JP+OB Str	
EXZ015	93	27	2	2	Saw Yr Point	
EXZ015	93	27	3	3	Trance Line2	
EXZ015	93	27	4	4	Housy Bass	
EXZ015	93	27	5	5	3-SquareLead	
EXZ015	93	27	6	6	Rezidue	
EXZ015	93	27	7	7	D50 Stac Hvn	
EXZ015	93	27	8	8	Drawning Pad	
EXZ015	93	27	9	9	Juno Pluck	
EXZ015	93	27	10	10	Shmoog	
EXZ015	93	27	11	11	OB Thick Pad	
EXZ015	93	27	12	12	Masssive	
EXZ015	93	27	13	13	SH-2 Bass	
EXZ015	93	27	14	14	Ethereal	
EXZ015	93	27	15	15	D50 VeloBrs	
EXZ015	93	27	16	16	Pro-5 Brass	
EXZ015	93	27	17	17	SH-101 Bass	
EXZ015	93	27	18	18	D50 HornSect	
EXZ015	93	27	19	19	SH-2&5 Sqr	
EXZ015	93	27	20	20	Acid Punch	
EXZ015	93	27	21	21	Spit Brass	
EXZ015	93	27	22	22	MonoLeads x2	
EXZ015	93	27	23	23	HiPass	
EXZ015	93	27	24	24	DynaPulseLd	
EXZ015	93	27	25	25	80'sTechLead	
EXZ015	93	27	26	26	Tri Lead	
EXZ015	93	27	27	27	2voice Lead	
EXZ015	93	27	28	28	Hollo Lead	
EXZ015	93	27	29	29	SH2000 Vox	
EXZ015	93	27	30	30	FM Lead	
EXZ015	93	27	31	31	GR500 Lead	
EXZ015	93	27	32	32	Promars Lead	
EXZ015	93	27	33	33	VCO Oct Lead	
EXZ015	93	27	34	34	P5 Lead	
EXZ015	93	27	35	35	Sine me in	
EXZ015	93	27	36	36	Solo Sine	
EXZ015	93	27	37	37	Ana Flute	
EXZ015	93	27	38	38	Gringeley	
EXZ015	93	27	39	39	Ethernal	
EXZ015	93	27	40	40	JP8 Str 1	
EXZ015	93	27	41	41	JP8 Str 2	
EXZ015	93	27	42	42	M12 Strings	
EXZ015	93	27	43	43	Wave Str	
EXZ015	93	27	44	44	MemoryMG	
EXZ015	93	27	45	45	70s AnalogStrEns	
EXZ015	93	27	46	46	Big Str	
EXZ015	93	27	47	47	OB Soft Pad	
EXZ015	93	27	48	48	RealStrSynth	
EXZ015	93	27	49	49	PG Phaser	
EXZ015	93	27	50	50	JP Squ Pad	
EXZ015	93	27	51	51	Classic OB	
EXZ015	93	27	52	52	Sawed String	
EXZ015	93	27	53	53	Juno Strings	
EXZ015	93	27	54	54	DetuneSawStr	
EXZ015	93	27	55	55	Warmer Pad	
EXZ015	93	27	56	56	Soft String	
EXZ015	93	27	57	57	Ana Bells	
EXZ015	93	27	58	58	MG Brass	
EXZ015	93	27	59	59	EuroBeat Brs	
EXZ015	93	27	60	60	Saws Brass	
EXZ015	93	27	61	61	Pro-10 Brass	
EXZ015	93	27	62	62	OB StabBrass	
EXZ015	93	27	63	63	M.MG Brass	
EXZ015	93	27	64	64	FM Brass	
EXZ015	93	27	65	65	Fat Brass	
EXZ015	93	27	66	66	VP-330 Chior	
EXZ015	93	27	67	67	Vox JX8P	
EXZ015	93	27	68	68	VintSynthVox	
EXZ015	93	27	69	69	JD8 AcPiano1	
EXZ015	93	27	70	70	JD8 CrystlEP	
EXZ015	93	27	71	71	Glassy EP 1	
EXZ015	93	27	72	72	Glassy EP 2	
EXZ015	93	27	73	73	HarmoOrg/Mod	
EXZ015	93	27	74	74	P5 Pluck	
EXZ015	93	27	75	75	Alpha Waves	
EXZ015	93	27	76	76	JU2 Wave 1	
EXZ015	93	27	77	77	JU2 Wave 2	
EXZ015	93	27	78	78	JP6 Sqr Key	
EXZ015	93	27	79	79	Old,Warm OB	
EXZ015	93	27	80	80	Poly 3osc SH	
EXZ015	93	27	81	81	Wavetable	
EXZ015	93	27	82	82	Fat JP	
EXZ015	93	27	83	83	Euro Dnc	
EXZ015	93	27	84	84	Alpha Fizz	
EXZ015	93	27	85	85	Sine Seq	
EXZ015	93	27	86	86	Pip Square	
EXZ015	93	27	87	87	Tight TB	
EXZ015	93	27	88	88	Low Bass 2	
EXZ015	93	27	89	89	MG Filter Bs	
EXZ015	93	27	90	90	Acid Bass 2	
EXZ015	93	27	91	91	UnisonSwBass	
EXZ015	93	27	92	92	WildSynth101	
EXZ015	93	27	93	93	SH Dullbass	
EXZ015	93	27	94	94	101 Bass	
EXZ015	93	27	95	95	101 Zap Bass	
EXZ015	93	27	96	96	Housine Bass	
EXZ015	93	27	97	97	Acid TB Bs	
EXZ015	93	27	98	98	Classic Bs	
EXZ015	93	27	99	99	MG Punchbass	
EXZ015	93	27	100	100	WetMG Bass	
EXZ015	93	27	101	101	Thick OBass	
EXZ015	93	27	102	102	Slobbry Bass	
EXZ015	93	27	103	103	HiLo303/Mod	
EXZ015	93	27	104	104	Solid Bass	
EXZ015	93	27	105	105	Experimental	
EXZ015	93	27	106	106	RSS SpinnerS	
EXZ015	93	27	107	107	Zaps	
EXZ015	93	27	108	108	D50 LvngClli	
EXZ015	93	27	109	109	D50 PrsrMeLd	
EXZ015	93	27	110	110	D50 Shakuhch	
EXZ015	93	27	111	111	D50 Griittar	
EXZ015	93	27	112	112	D50 Fantasia	
EXZ015	93	27	113	113	D50 FuturePd	
EXZ015	93	27	114	114	D50 NylnAtms	
EXZ015	93	27	115	115	D50 RichBrs	
EXZ015	93	27	116	116	D50 FltshBrs	
EXZ015	93	27	117	117	D50 VeloBrs2	
EXZ015	93	27	118	118	D50 Tuba	
EXZ015	93	27	119	119	D50 Voices	
EXZ015	93	27	120	120	D50 DigiNDnc	
EXZ015	93	27	121	121	D50 PCM EPno	
EXZ015	93	27	122	122	D50 Tine way	
EXZ015	93	27	123	123	D50 Harmonca	
EXZ015	93	27	124	124	D50 Pizzaggo	
EXZ015	93	27	125	125	D50 BrqueStr	
JD800	97	72	1	1	Millennium	
JD800	97	72	2	2	Massive Pad	
JD800	97	72	3	3	Crystal EPs	
JD800	97	72	4	4	Synthadelic Bass	
JD800	97	72	5	5	Wailing Guitar	
JD800	97	72	6	6	Fantasia 90's	
JD800	97	72	7	7	Spun Glass	
JD800	97	72	8	8	Mother Afrika!	
JD800	97	72	9	9	Swimotion	
JD800	97	72	10	10	Classic Sweeper	
JD800	97	72	11	11	LA MIDI'd Piano	
JD800	97	72	12	12	Meaty Bass	
JD800	97	72	13	13	ST Master	
JD800	97	72	14	14	Perc-Vox Stack	
JD800	97	72	15	15	Killer Pad	
JD800	97	72	16	16	Waveblower	
JD800	97	72	17	17	Pulsating Pad	
JD800	97	72	18	18	Mr.Brass!	
JD800	97	72	19	19	Bruiser Tines	
JD800	97	72	20	20	Wet Bass	
JD800	97	72	21	21	Throaty Clav	
JD800	97	72	22	22	Rockin' Wire	
JD800	97	72	23	23	Iceman	
JD800	97	72	24	24	Ming Dynasty	
JD800	97	72	25	25	Planetarium	
JD800	97	72	26	26	Pulse Pad	
JD800	97	72	27	27	All Stops Out	
JD800	97	72	28	28	Fusion Solo	
JD800	97	72	29	29	MIDI Guitar	
JD800	97	72	30	30	Pain&Injury Keyz	
JD800	97	72	31	31	Deep Breath Pad	
JD800	97	72	32	32	Harlequin	
JD800	97	72	33	33	Slow Bell Pad	
JD800	97	72	34	34	Analog Brass	
JD800	97	72	35	35	Ac.Piano 1	
JD800	97	72	36	36	Modular Bass	
JD800	97	72	37	37	MIDI Clav	
JD800	97	72	38	38	Voco ST	
JD800	97	72	39	39	Invocation	
JD800	97	72	40	40	Ethnic Logs	
JD800	97	72	41	41	2-way Slide	
JD800	97	72	42	42	Macho Swell	
JD800	97	72	43	43	Doo Organ	
JD800	97	72	44	44	Synth Pipe Solo	
JD800	97	72	45	45	Nylon Choir	
JD800	97	72	46	46	Scraping Bone	
JD800	97	72	47	47	Hybrid Strings	
JD800	97	72	48	48	JD-bells 1	
JD800	97	72	49	49	1974!	
JD800	97	72	50	50	Polysynth	
JD800	97	72	51	51	Metallic EPs	
JD800	97	72	52	52	Face Bass	
JD800	97	72	53	53	Velo-Crunch	
JD800	97	72	54	54	Stack Attack!	
JD800	97	72	55	55	Girlish Vox	
JD800	97	72	56	56	Shakuflute	
JD800	97	72	57	57	Aurora Borealis	
JD800	97	72	58	58	Pulsation	
JD800	97	72	59	59	Waveola Keys	
JD800	97	72	60	60	Tekno Funk Bass	
JD800	97	72	61	61	Backwards 60's	
JD800	97	72	62	62	MetalVox/Bass	
JD800	97	72	63	63	Bottle It	
JD800	97	72	64	64	Doo Pipes	
JD800	97	72	65	65	Muscle Beach	
JD800	97	72	66	66	JD Buzzed	
JD800	97	72	67	67	Kiruna Pad	
JD800	97	72	68	68	Cloud Keys /Mod	
JD800	97	72	69	69	Lonely City	
JD800	97	72	70	70	Frost Freeze	
JD800	97	72	71	71	Requiem /Mod	
JD800	97	72	72	72	The Summoner	
JD800	97	72	73	73	Krystals Pad	
JD800	97	72	74	74	JD Keys	
JD800	97	72	75	75	Liquidy Worms	
JD800	97	72	76	76	Asian Dream	
JD800	97	72	77	77	Soft Knock	
JD800	97	72	78	78	Irish Eyes	
JD800	97	72	79	79	Our Story	
JD800	97	72	80	80	Strummy /Mod	
JD800	97	72	81	81	Bell Vox Key	
JD800	97	72	82	82	Simple Shocks	
JD800	97	72	83	83	SleepLess	
JD800	97	72	84	84	Baptist Pad	
JD800	97	72	85	85	Padtergeist	
JD800	97	72	86	86	Koyona	
JD800	97	72	87	87	404 Pad /Mod	
JD800	97	72	88	88	Bell Phases	
JD800	97	72	89	89	Bot Swarm	
JD800	97	72	90	90	String Wave	
JD800	97	72	91	91	Droid Crew	
JD800	97	72	92	92	Null Split	
JD800	97	72	93	93	Straight Shot	
JD800	97	72	94	94	Velo Voc Lead	
JD800	97	72	95	95	CH Cutter	
JD800	97	72	96	96	YooDoo Sequel	
JD800	97	72	97	97	JD Shredder!	
JD800	97	72	98	98	Semi-Orbit	
JD800	97	72	99	99	Flicker	
JD800	97	72	100	100	Sine Of Life	
JD800	97	72	101	101	Gee Funk Bass	
JD800	97	72	102	102	Frenzy Bs /Mod	
JD800	97	72	103	103	Slime Slap!	
JD800	97	72	104	104	Extreme Bot!	
JD800	97	72	105	105	800 Bass	
JD800	97	72	106	106	Proison	
JD800	97	72	107	107	Gear Grease	
JD800	97	72	108	108	Cog Punch	
JD800	97	72	109	109	Piano Memories	
JD800	97	72	110	110	Bell E.Piano	
JD800	97	72	111	111	Vocal Tines	
JD800	97	72	112	112	Speaking Clav	
JD800	97	72	113	113	Bellisma	
JD800	97	72	114	114	Cele-Bells	
JD800	97	72	115	115	Market Bells	
JD800	97	72	116	116	Reso Pearl	
JD800	97	72	117	117	Partikle /Mod	
JD800	97	72	118	118	Trickle Seq	
JD800	97	72	119	119	Flutter Pluck	
JD800	97	72	120	120	One Drop	
JD800	97	72	121	121	Stab -93	
JD800	97	72	122	122	Bit Chord Stack	
JD800	97	72	123	123	Vapor Cave	
JD800	97	72	124	124	Bit Stab	
JD800	97	72	125	125	Vibe Knock	
JD800	97	72	126	126	Bell Brain	
JD800	97	72	127	127	Vintage Stab	
JD800	97	72	128	128	ASMR U there?	
JP8	97	64	1	1	Berlin Night	
JP8	97	64	2	2	Dirty Little Pad	
JP8	97	64	3	3	Metro Flute	
JP8	97	64	4	4	Pluck Swell	
JP8	97	64	5	5	Sweeping Pulse	
JP8	97	64	6	6	Sweep JP	
JP8	97	64	7	7	Sunbeams	
JP8	97	64	8	8	Reso Drone	
JP8	97	64	9	9	Reso Pad	
JP8	97	64	10	10	Uni-Sync	
JP8	97	64	11	11	Flange Pad /Mod	
JP8	97	64	12	12	Fat 5 Fever	
JP8	97	64	13	13	Thrift Store	
JP8	97	64	14	14	Delicate Bells	
JP8	97	64	15	15	Bright Pad 1	
JP8	97	64	16	16	Bright Pad 2	
JP8	97	64	17	17	Bright Strings	
JP8	97	64	18	18	Strings JP	
JP8	97	64	19	19	Oct Pad	
JP8	97	64	20	20	Retro Flute	
JP8	97	64	21	21	Sqr Soft Pad	
JP8	97	64	22	22	EPistle	
JP8	97	64	23	23	Soft Saw Pad	
JP8	97	64	24	24	PWM Stac Pad	
JP8	97	64	25	25	ModLoop EP!	
JP8	97	64	26	26	Soft Pad JP	
JP8	97	64	27	27	Big Bite Pluck	
JP8	97	64	28	28	Fairy Tales	
JP8	97	64	29	29	Silk Stabber	
JP8	97	64	30	30	Soft Pluck	
JP8	97	64	31	31	Memories	
JP8	97	64	32	32	Havana Pad	
JP8	97	64	33	33	MW Studr	
JP8	97	64	34	34	Zip Lock Pluck	
JP8	97	64	35	35	Duster Pad	
JP8	97	64	36	36	Sanctuary Pad	
JP8	97	64	37	37	Slice Pad	
JP8	97	64	38	38	Sqr Stac Pad	
JP8	97	64	39	39	Wah Pad	
JP8	97	64	40	40	Synth Brass JP	
JP8	97	64	41	41	PWM Env Brass	
JP8	97	64	42	42	Future Brass	
JP8	97	64	43	43	Detuned Lead	
JP8	97	64	44	44	SBF Saw Lead	
JP8	97	64	45	45	Sync or Swim	
JP8	97	64	46	46	Sync Lead JP	
JP8	97	64	47	47	4th Stac Lead	
JP8	97	64	48	48	5th Dist Lead	
JP8	97	64	49	49	Solid Lead Lower	
JP8	97	64	50	50	Solid Lead Upper	
JP8	97	64	51	51	TB Squared	
JP8	97	64	52	52	Saw Lead	
JP8	97	64	53	53	European Lead	
JP8	97	64	54	54	Sqr Bend Lead	
JP8	97	64	55	55	Sine Pump Up	
JP8	97	64	56	56	Reso Choke Bass	
JP8	97	64	57	57	Polarity Bass	
JP8	97	64	58	58	Jumpah	
JP8	97	64	59	59	Tri Bass	
JP8	97	64	60	60	Gut Punch Bass	
JP8	97	64	61	61	Pulse Basser	
JP8	97	64	62	62	Bass Juice	
JP8	97	64	63	63	Basser PW	
JP8	97	64	64	64	8-Easy	
JP8	97	64	65	65	Burned Bass	
JP8	97	64	66	66	Tight Bass	
JP8	97	64	67	67	Saw Unison Bass	
JP8	97	64	68	68	Sqr Unison Bass	
JP8	97	64	69	69	Tri Looper	
JP8	97	64	70	70	Sqr Seq Tone	
JP8	97	64	71	71	XMod Spike	
JP8	97	64	72	72	Low Freq Tone	
JP8	97	64	73	73	NEG SYNC	
JP8	97	64	74	74	NEG PLUCK	
JP8	97	64	75	75	SYNC SWEEP	
JP8	97	64	76	76	CARS SYNC	
JP8	97	64	77	77	SYNC LEAD	
JP8	97	64	78	78	HONKY TONK	
JP8	97	64	79	79	HARP	
JP8	97	64	80	80	LO STRINGS	
JP8	97	64	81	81	MID STRINGS	
JP8	97	64	82	82	HI STRINGS	
JP8	97	64	83	83	MELLOW STRINGS	
JP8	97	64	84	84	LO BRASS	
JP8	97	64	85	85	HI BRASS	
JP8	97	64	86	86	S&H BRASS	
JP8	97	64	87	87	SYNTH BRASS	
JP8	97	64	88	88	BELL ORGAN	
JP8	97	64	89	89	COMBO ORGAN	
JP8	97	64	90	90	PIPE ORGAN	
JP8	97	64	91	91	ELECTRIC ORGAN	
JP8	97	64	92	92	SOLO VOICE	
JP8	97	64	93	93	CHOIR VOICES	
JP8	97	64	94	94	CHIME	
JP8	97	64	95	95	SOLAR WINDS	
JP8	97	64	96	96	FUZZY FIFTHS	
JP8	97	64	97	97	DOWN FOURTH	
JP8	97	64	98	98	MELLOW BLIP	
JP8	97	64	99	99	HARD BLIP	
JP8	97	64	100	100	CLARINET	
JP8	97	64	101	101	FLUTE	
JP8	97	64	102	102	VIOLIN	
JP8	97	64	103	103	CELLO	
JP8	97	64	104	104	HARMONICA	
JP8	97	64	105	105	INIT TONE	
JU106	97	66	1	1	Heater Pad	
JU106	97	66	2	2	CE-Drone	
JU106	97	66	3	3	Saw Strings	
JU106	97	66	4	4	PMW Crawler	
JU106	97	66	5	5	Soft Pad	
JU106	97	66	6	6	Tsukamu /Mod	
JU106	97	66	7	7	Bright Pad	
JU106	97	66	8	8	Hi Strings	
JU106	97	66	9	9	Glorious Pad	
JU106	97	66	10	10	Reso Swallow	
JU106	97	66	11	11	Face Lift	
JU106	97	66	12	12	Juno Sweeper	
JU106	97	66	13	13	Reso Sweep	
JU106	97	66	14	14	Sweep ReleasePd1	
JU106	97	66	15	15	Feels Pad	
JU106	97	66	16	16	Kolibri	
JU106	97	66	17	17	Somber Pulse Pad	
JU106	97	66	18	18	Mr PWM	
JU106	97	66	19	19	Sfz Swell	
JU106	97	66	20	20	Seary Pad	
JU106	97	66	21	21	Sweep ReleasePd2	
JU106	97	66	22	22	Gate Plucker	
JU106	97	66	23	23	PWM Soft Pad	
JU106	97	66	24	24	Ambient Pad	
JU106	97	66	25	25	Noise Pad	
JU106	97	66	26	26	m0t0n0v0	
JU106	97	66	27	27	LFO Pad	
JU106	97	66	28	28	Enchanted	
JU106	97	66	29	29	Oboete iru?	
JU106	97	66	30	30	Uganda Poly	
JU106	97	66	31	31	Ring Shorty	
JU106	97	66	32	32	Hard Pluck	
JU106	97	66	33	33	Bright Pluck	
JU106	97	66	34	34	Delay Pluck	
JU106	97	66	35	35	X-Gamer	
JU106	97	66	36	36	Garage Sale	
JU106	97	66	37	37	Wah LFO Pad	
JU106	97	66	38	38	TheUnexplored EP	
JU106	97	66	39	39	Refuge Pad	
JU106	97	66	40	40	Bright Brass	
JU106	97	66	41	41	Reso Soft Brass	
JU106	97	66	42	42	JUNO Lead 1	
JU106	97	66	43	43	JUNO Lead 2	
JU106	97	66	44	44	Sacred Lead	
JU106	97	66	45	45	Mr Sudz Lead	
JU106	97	66	46	46	Sir Wah	
JU106	97	66	47	47	Retroist Lead	
JU106	97	66	48	48	Noise Lead	
JU106	97	66	49	49	Big Boy Bass	
JU106	97	66	50	50	Crensaw Ld/Bs	
JU106	97	66	51	51	Revisit Bass	
JU106	97	66	52	52	Dizzy Bass	
JU106	97	66	53	53	Shaker Bass	
JU106	97	66	54	54	Bug Juice Bass	
JU106	97	66	55	55	Disto Click Bass	
JU106	97	66	56	56	Halo Rez Bass	
JU106	97	66	57	57	Bass Y'all	
JU106	97	66	58	58	Soft Subber	
JU106	97	66	59	59	Saw Fatty	
JU106	97	66	60	60	Low Boost Bass	
JU106	97	66	61	61	PWM+SubOSC Bass	
JU106	97	66	62	62	SubOSC Bass	
JU106	97	66	63	63	Ring My Wheel Bs	
JU106	97	66	64	64	Treat Bass	
JU106	97	66	65	65	Iron-8 Bass	
JU106	97	66	66	66	Seq Bass	
JU106	97	66	67	67	Sub Reso Bass	
JU106	97	66	68	68	Reso Seq Bs	
JU106	97	66	69	69	Fast Mod Pluck	
JU106	97	66	70	70	Soft Pluck	
JU106	97	66	71	71	Saw Seq	
JU106	97	66	72	72	Sqr Seq	
JU106	97	66	73	73	Big Wave	
JU106	97	66	74	74	Console 80 FX	
JU106	97	66	75	75	Synth Drum	
JU106	97	66	76	76	BRASS	
JU106	97	66	77	77	MOVING STRINGS	
JU106	97	66	78	78	BRASS & STRINGS	
JU106	97	66	79	79	CHOIR	
JU106	97	66	80	80	PIANO I	
JU106	97	66	81	81	ORGAN II	
JU106	97	66	82	82	CELESTE	
JU106	97	66	83	83	ELEC.PIANO II	
JU106	97	66	84	84	STEEL DRUMS	
JU106	97	66	85	85	XYLOPHONE	
JU106	97	66	86	86	BRASS III	
JU106	97	66	87	87	STRINGS III	
JU106	97	66	88	88	DARK PLUCK	
JU106	97	66	89	89	FUNKY I	
JU106	97	66	90	90	SYNTH BASS I	
JU106	97	66	91	91	LEAD I	
JU106	97	66	92	92	LEAD II	
JU106	97	66	93	93	FUNKY II	
JU106	97	66	94	94	SYNTH BASS II	
JU106	97	66	95	95	FUNKY III	
JU106	97	66	96	96	THUD WAH	
JU106	97	66	97	97	GOING UP	
JU106	97	66	98	98	SNARE DRUM	
JU106	97	66	99	99	TOM TOMS	
JU106	97	66	100	100	TIMPANI	
JU106	97	66	101	101	SYNTH PAD	
JU106	97	66	102	102	SWEEP I	
JU106	97	66	103	103	PLUCK SWEEP	
JU106	97	66	104	104	REPEATER	
JU106	97	66	105	105	DARK SYNTH PIANO	
JU106	97	66	106	106	WAH RELEASE	
JU106	97	66	107	107	RESONANCE FUNK	
JU106	97	66	108	108	INIT TONE	
JX8P	97	68	1	1	Mass-5	
JX8P	97	68	2	2	Square Dimes	
JX8P	97	68	3	3	SaiYuSenJiKou	
JX8P	97	68	4	4	5th Synth 1	
JX8P	97	68	5	5	Scorched Pad	
JX8P	97	68	6	6	Dynamic Lush Pad	
JX8P	97	68	7	7	Slow Atk Strings	
JX8P	97	68	8	8	Hollow Daddy	
JX8P	97	68	9	9	Hinode	
JX8P	97	68	10	10	Bowed Synth	
JX8P	97	68	11	11	Choir Pad	
JX8P	97	68	12	12	Ancient One	
JX8P	97	68	13	13	Soft Pad 1	
JX8P	97	68	14	14	Poly JX	
JX8P	97	68	15	15	Clavcid!	
JX8P	97	68	16	16	Res-Plasto	
JX8P	97	68	17	17	Dyna Reso	
JX8P	97	68	18	18	Descender Pad	
JX8P	97	68	19	19	5th Synth 2	
JX8P	97	68	20	20	Reso Sweep 1	
JX8P	97	68	21	21	Reso Sweep 2	
JX8P	97	68	22	22	Reso Sweep 3	
JX8P	97	68	23	23	Severed Strings	
JX8P	97	68	24	24	Gross dude...	
JX8P	97	68	25	25	Mirror Pluck	
JX8P	97	68	26	26	Soft Pad 2	
JX8P	97	68	27	27	Porto Strings	
JX8P	97	68	28	28	Dulci-Synth	
JX8P	97	68	29	29	Bend Pad	
JX8P	97	68	30	30	Bell Chorus	
JX8P	97	68	31	31	Two Chimes	
JX8P	97	68	32	32	Bright Keys	
JX8P	97	68	33	33	Syniano EP	
JX8P	97	68	34	34	Quiver	
JX8P	97	68	35	35	BC Pluck	
JX8P	97	68	36	36	Tremolo Synth	
JX8P	97	68	37	37	Rnd Filter Synth	
JX8P	97	68	38	38	JX Poly Brass	
JX8P	97	68	39	39	JX Powerbrass	
JX8P	97	68	40	40	Polyheimer	
JX8P	97	68	41	41	Bend Brass	
JX8P	97	68	42	42	Velo Brass	
JX8P	97	68	43	43	Velo Brassman	
JX8P	97	68	44	44	Classic Poly JX	
JX8P	97	68	45	45	Horn Pad	
JX8P	97	68	46	46	Amazement Ld	
JX8P	97	68	47	47	Square Bottom	
JX8P	97	68	48	48	Miss Maiden Lead	
JX8P	97	68	49	49	Sqr Lead	
JX8P	97	68	50	50	Mod Bot	
JX8P	97	68	51	51	X-Mod Lead	
JX8P	97	68	52	52	8bit Lead	
JX8P	97	68	53	53	Low Blow	
JX8P	97	68	54	54	Bit Basher	
JX8P	97	68	55	55	Delay Bass	
JX8P	97	68	56	56	5th Stac Bass	
JX8P	97	68	57	57	Dark Chorus Bass	
JX8P	97	68	58	58	Velo Reso Bass	
JX8P	97	68	59	59	Velo Filter Bass	
JX8P	97	68	60	60	DoubleFilter Bs	
JX8P	97	68	61	61	Sqr Pluck 1	
JX8P	97	68	62	62	Sqr Pluck 2	
JX8P	97	68	63	63	Velo Pluck	
JX8P	97	68	64	64	Toy Darts	
JX8P	97	68	65	65	Puny Pluck	
JX8P	97	68	66	66	Fat Fifth 2	
JX8P	97	68	67	67	Vel Seq Tone	
JX8P	97	68	68	68	XMod Compu	
JX8P	97	68	69	69	Tech Chord	
JX8P	97	68	70	70	Synth Tom	
JX8P	97	68	71	71	Telephone	
JX8P	97	68	72	72	Noise Sweep	
JX8P	97	68	73	73	C5 FX Sweep	
JX8P	97	68	74	74	PIANO 1	
JX8P	97	68	75	75	PIANO 2	
JX8P	97	68	76	76	PIANO 3	
JX8P	97	68	77	77	LOW STRINGS	
JX8P	97	68	78	78	VOICES	
JX8P	97	68	79	79	ORGAN I	
JX8P	97	68	80	80	ORGAN II	
JX8P	97	68	81	81	SYNTH BASS	
JX8P	97	68	82	82	SOUNDTRACK	
JX8P	97	68	83	83	FAT FIFTH	
JX8P	97	68	84	84	T O M S	
JX8P	97	68	85	85	CLAV	
JX8P	97	68	86	86	SQUARELEAD	
JX8P	97	68	87	87	POLY BRASS	
JX8P	97	68	88	88	SOFT BRASS	
JX8P	97	68	89	89	STAB BRASS	
JX8P	97	68	90	90	AGOGO BELL	
JX8P	97	68	91	91	PIANO 4	
JX8P	97	68	92	92	PIANO 5	
JX8P	97	68	93	93	STRINGBRASS	
JX8P	97	68	94	94	STRINGS 1	
JX8P	97	68	95	95	STRINGS 2	
JX8P	97	68	96	96	CHOIR	
JX8P	97	68	97	97	MAY.S WIND	
JX8P	97	68	98	98	MARIMBA	
JX8P	97	68	99	99	HARPSICHORD	
JX8P	97	68	100	100	XMAS BELL	
JX8P	97	68	101	101	VIBES	
JX8P	97	68	102	102	UPRIGHT BASS	
JX8P	97	68	103	103	LOG DRUM	
JX8P	97	68	104	104	MALLET	
JX8P	97	68	105	105	POLY SYNTH	
JX8P	97	68	106	106	INIT TONE	
M09X01	103	64	1	1	German Concert	
M09X01	103	64	2	2	Bold Grand	
M09X01	103	64	3	3	Calm Focus	
M09X01	103	64	4	4	Open Warm	
M09X01	103	64	5	5	Open Warm 2	
M09X01	103	64	6	6	Studio Pop	
M09X01	103	64	7	7	Studio Rock	
M09X01	103	64	8	8	Ballad Warm	
M09X01	103	64	9	9	Bright & Clear	
M09X01	103	64	10	10	Feelin' Hopping	
M09X01	103	64	11	11	Short Stick	
M09X01	103	64	12	12	Quiet Phrase	
M09X01	103	64	13	13	Bright Baby	
M09X01	103	64	14	14	Deep Open	
M09X01	103	64	15	15	Presence	
M09X01	103	64	16	16	Water Piano	
M09X01	103	64	17	17	Low Lifted Cncrt	
SH101	97	70	1	1	Gimme Lead	
SH101	97	70	2	2	Long Note	
SH101	97	70	3	3	Mod Shatter	
SH101	97	70	4	4	Saw Boz	
SH101	97	70	5	5	Fireflies	
SH101	97	70	6	6	T-Holiday	
SH101	97	70	7	7	Lazor Boy	
SH101	97	70	8	8	Throttle Lust	
SH101	97	70	9	9	Lizard King	
SH101	97	70	10	10	Blisters	
SH101	97	70	11	11	Pulse Leader	
SH101	97	70	12	12	Solo Sweet	
SH101	97	70	13	13	Porta Saw Lead	
SH101	97	70	14	14	PW+SubOSC Ld	
SH101	97	70	15	15	Porta Sqr Lead	
SH101	97	70	16	16	Sqr Atk Lead	
SH101	97	70	17	17	Calc Lead	
SH101	97	70	18	18	PWM LFO Lead	
SH101	97	70	19	19	PWM Env Lead 1	
SH101	97	70	20	20	PWM Env Lead 2	
SH101	97	70	21	21	Reso PW+Saw Ld	
SH101	97	70	22	22	Chiptune Lead	
SH101	97	70	23	23	Saw Flutter Ld	
SH101	97	70	24	24	Bit Crusher Lead	
SH101	97	70	25	25	Oct Bass	
SH101	97	70	26	26	Le Bass	
SH101	97	70	27	27	Cone Pleaser	
SH101	97	70	28	28	THAbass	
SH101	97	70	29	29	Reester Bass	
SH101	97	70	30	30	PWM PortaDrone	
SH101	97	70	31	31	Shlob Bass	
SH101	97	70	32	32	Choice Bass	
SH101	97	70	33	33	Shorty Enhancer	
SH101	97	70	34	34	Filter Env Bs 1	
SH101	97	70	35	35	PW+Saw Bass	
SH101	97	70	36	36	Slow FltEnv Bass	
SH101	97	70	37	37	Noise Bass	
SH101	97	70	38	38	Reso Bass	
SH101	97	70	39	39	Long Reso Bass	
SH101	97	70	40	40	Reso Sqr+Saw Bs	
SH101	97	70	41	41	Organ Bass	
SH101	97	70	42	42	Filter Env Bs 2	
SH101	97	70	43	43	Dark Bass	
SH101	97	70	44	44	SubOSC Soft Bass	
SH101	97	70	45	45	Delta Bass	
SH101	97	70	46	46	Punisher	
SH101	97	70	47	47	Ye Olde 101	
SH101	97	70	48	48	Porta Bass	
SH101	97	70	49	49	Seq Bass	
SH101	97	70	50	50	Reso Seq Bs	
SH101	97	70	51	51	Flanger Seq Bs	
SH101	97	70	52	52	Phaser Seq Bs	
SH101	97	70	53	53	Heady Flange	
SH101	97	70	54	54	Tape 101	
SH101	97	70	55	55	Moon Worm	
SH101	97	70	56	56	Disto Shorty	
SH101	97	70	57	57	True Pluck	
SH101	97	70	58	58	Sqr Seq SH	
SH101	97	70	59	59	Reso Sqr Seq	
SH101	97	70	60	60	PWM Pluck	
SH101	97	70	61	61	3Tap Dly Seq	
SH101	97	70	62	62	MultiTap Dly Seq	
SH101	97	70	63	63	Reso Bell	
SH101	97	70	64	64	This Old Game	
SH101	97	70	65	65	Main Pull SH	
SH101	97	70	66	66	Poly 101 1	
SH101	97	70	67	67	Shuno Pad	
SH101	97	70	68	68	Poly-101 2	
SH101	97	70	69	69	Sharimba	
SH101	97	70	70	70	Porto Bells	
SH101	97	70	71	71	Echo Pluck	
SH101	97	70	72	72	Shorty /Mod	
SH101	97	70	73	73	Suggestive...	
SH101	97	70	74	74	Star Message	
SH101	97	70	75	75	rAnDOm Pads	
SH101	97	70	76	76	Side Repeater	
SH101	97	70	77	77	LFO 1/4 Trancer	
SH101	97	70	78	78	Afterthought	
SH101	97	70	79	79	Retro Cycle	
SH101	97	70	80	80	Pulse Pad	
SH101	97	70	81	81	Buzz Shorty	
SH101	97	70	82	82	R2 Wheel	
SH101	97	70	83	83	SelfOSC Kick 1	
SH101	97	70	84	84	SelfOSC Kick 2	
SH101	97	70	85	85	SelfOSC DistKick	
SH101	97	70	86	86	SelfOSC Zap	
SH101	97	70	87	87	SelfOSC Perc	
SH101	97	70	88	88	SelfOSC LFO Perc	
SH101	97	70	89	89	SelfOSC Sweep	
SH101	97	70	90	90	SelfOSC Tone	
SH101	97	70	91	91	SelfOSC Rnd FX	
SH101	97	70	92	92	Noise Hit 1	
SH101	97	70	93	93	Noise Hit 2	
SH101	97	70	94	94	Noise Percussion	
SH101	97	70	95	95	Sonar Noise	
SH101	97	70	96	96	PhaserNoise /Mod	
SH101	97	70	97	97	INIT TONE	
n/zyme	97	79	1	1	Geometric Wave	
n/zyme	97	79	2	2	Wave StepModular	
n/zyme	97	79	3	3	Electro Waltz	
n/zyme	97	79	4	4	Earth & Space	
n/zyme	97	79	5	5	Chip Stutter	
n/zyme	97	79	6	6	Electro 1	
n/zyme	97	79	7	7	Dyow	
n/zyme	97	79	8	8	Square Folder	
n/zyme	97	79	9	9	Mega Sweep	
n/zyme	97	79	10	10	Draw Sync Sweep	
n/zyme	97	79	11	11	Phaser Pad	
n/zyme	97	79	12	12	Waveswarm	
n/zyme	97	79	13	13	Panning Pad	
n/zyme	97	79	14	14	Santa Monica	
n/zyme	97	79	15	15	Prismatic Piano	
n/zyme	97	79	16	16	Shorty Key	
n/zyme	97	79	17	17	Tender Twitch	
n/zyme	97	79	18	18	Future PulseTone	
n/zyme	97	79	19	19	Cinematic 1	
n/zyme	97	79	20	20	Cinematic 2	
n/zyme	97	79	21	21	Cinematic 3	
n/zyme	97	79	22	22	Drawing Pad	
n/zyme	97	79	23	23	Multi Voxylor	
n/zyme	97	79	24	24	Pulsar Keys	
n/zyme	97	79	25	25	Wavemarillion MW	
n/zyme	97	79	26	26	StepMod Dance MW	
n/zyme	97	79	27	27	Geometric Wave 2	
n/zyme	97	79	28	28	Draw Step Seq Pd	
n/zyme	97	79	29	29	Chop Bots	
n/zyme	97	79	30	30	Flange Step Pad	
n/zyme	97	79	31	31	Steputation	
n/zyme	97	79	32	32	Ambi Step	
n/zyme	97	79	33	33	Storm Pad	
n/zyme	97	79	34	34	Runner	
n/zyme	97	79	35	35	DrawPulsating Pd	
n/zyme	97	79	36	36	Sine Mine	
n/zyme	97	79	37	37	Tri Pulse Pad	
n/zyme	97	79	38	38	Quiver Pad	
n/zyme	97	79	39	39	FM Dist Pad	
n/zyme	97	79	40	40	Stun Dance	
n/zyme	97	79	41	41	Romance	
n/zyme	97	79	42	42	A.Guitar Cutting	
n/zyme	97	79	43	43	Mantra	
n/zyme	97	79	44	44	Electro 2	
n/zyme	97	79	45	45	Electro 3	
n/zyme	97	79	46	46	Ninth Street	
n/zyme	97	79	47	47	Draw Bell Seq	
n/zyme	97	79	48	48	Gen X Bells	
n/zyme	97	79	49	49	Busted Modular	
n/zyme	97	79	50	50	Warrior	
n/zyme	97	79	51	51	Off Road	
n/zyme	97	79	52	52	Intruder	
n/zyme	97	79	53	53	Velo Rez	
n/zyme	97	79	54	54	Hawk-i	
n/zyme	97	79	55	55	Dist LFO Bass	
n/zyme	97	79	56	56	Morse Code	
n/zyme	97	79	57	57	WT Wobble	
n/zyme	97	79	58	58	Delta Bass	
n/zyme	97	79	59	59	EffEmm Bass	
n/zyme	97	79	60	60	Blue Bass	
n/zyme	97	79	61	61	WT Sweep Lead	
n/zyme	97	79	62	62	Sync Lead	
n/zyme	97	79	63	63	Mod To Feedback	
n/zyme	97	79	64	64	Last Satellite	
n/zyme	97	79	65	65	Interrupt Lead	
n/zyme	97	79	66	66	Dark Anthem	
n/zyme	97	79	67	67	Wailing WaveLead	
n/zyme	97	79	68	68	FBK Osc Lead	
n/zyme	97	79	69	69	Comb Sine Lead	
n/zyme	97	79	70	70	Wave Particles	
n/zyme	97	79	71	71	Garden of Waves	
n/zyme	97	79	72	72	Blockbuster	
n/zyme	97	79	73	73	AEIOU Pad	
n/zyme	97	79	74	74	Draw Saw Pad	
n/zyme	97	79	75	75	Zenu Pad	
n/zyme	97	79	76	76	Time Travel	
n/zyme	97	79	77	77	EffEmm Worlds	
n/zyme	97	79	78	78	Scan Pad	
n/zyme	97	79	79	79	Draw Sweep Pad	
n/zyme	97	79	80	80	IYBITWC	
n/zyme	97	79	81	81	Warm Wow	
n/zyme	97	79	82	82	Thoughtful	
n/zyme	97	79	83	83	Hubble	
n/zyme	97	79	84	84	Floating WT	
n/zyme	97	79	85	85	Velo Purl	
n/zyme	97	79	86	86	Vapour Pluck	
n/zyme	97	79	87	87	Bright Future	
n/zyme	97	79	88	88	Bounce Key	
n/zyme	97	79	89	89	Morning Organ	
n/zyme	97	79	90	90	Kioku	
n/zyme	97	79	91	91	Waterwhirl	
n/zyme	97	79	92	92	HPF Shooter	
n/zyme	97	79	93	93	Noise Chimes	
n/zyme	97	79	94	94	Synth Guitar	
n/zyme	97	79	95	95	Guitar Bell	
n/zyme	97	79	96	96	Diganna	
n/zyme	97	79	97	97	Dimensions	
n/zyme	97	79	98	98	Air Blow	
n/zyme	97	79	99	99	Sine Garden	
n/zyme	97	79	100	100	Dream Bell	
n/zyme	97	79	101	101	Pop Bell Keys	
n/zyme	97	79	102	102	Bell Pluck Pad	
n/zyme	97	79	103	103	FM Bells	
n/zyme	97	79	104	104	Draw Bell Pad	
n/zyme	97	79	105	105	Glassy Keys	
n/zyme	97	79	106	106	Hiyoyah	
n/zyme	97	79	107	107	Vocal Shift	
n/zyme	97	79	108	108	Aye Aye	
n/zyme	97	79	109	109	Chatter Bots	
n/zyme	97	79	110	110	Mullet Mallet	
n/zyme	97	79	111	111	Sparkle Synth	
n/zyme	97	79	112	112	Engines On	
n/zyme	97	79	113	113	Sine Sweep Up	
n/zyme	97	79	114	114	INIT TONE	
